Street,Intersection,fatal,EMSTransport,Posted Speed,Weather Code,pedestrian,bicycle,drug,etoh,Latitude,Longitude,Light Condition,year,month,day,hour,day_of_week
2100 Market St,W 21st St,1,1,35.0,0,1,0,1.0,1.0,35.030156,-85.308327,0,2023,9,15,23,4
4505 10th Ave,E 45th St,0,0,30.0,0,1,0,0.0,0.0,34.990735,-85.288301,4,2023,9,19,16,1
4011 Rossville Blvd,E 41st St,0,1,45.0,0,1,0,0.0,0.0,34.995172,-85.290933,2,2023,9,27,5,2
E 3rd St,N Holtzclaw Ave,0,1,35.0,4,1,0,0.0,0.0,35.043663,-85.27972,0,2023,9,27,20,2
Mccallie Ave,S Willow St,0,1,35.0,0,1,0,0.0,0.0,35.034847,-85.271845,4,2023,10,4,16,2
7710 E Brainerd Rd,Jenkin rd,0,0,45.0,0,1,0,0.0,0.0,35.040883,-85.317904,0,2023,10,4,20,2
1000 Baldwin St,E 10th St,0,1,15.0,0,1,0,0.0,0.0,35.041628,-85.300747,4,2023,10,5,10,3
S Holtzclaw Ave,E Main St,0,1,35.0,0,1,0,0.0,0.0,35.028961,-85.288147,0,2023,10,16,5,0
200 W MLK Blvd,Broad St,0,1,30.0,0,1,0,0.0,0.0,35.04574,-85.31046,4,2023,10,17,12,1
S Orchard Knob Ave,E Main St,0,1,35.0,0,1,0,0.0,0.0,35.026079,-85.280092,3,2023,10,19,7,3
5226 Highway 153,Hamill Rd,0,0,55.0,0,1,0,0.0,0.0,35.123715,-85.239915,4,2023,10,19,10,3
Hixson Pike,Northpoint Blvd,0,1,25.0,0,1,0,0.0,0.0,35.135654,-85.239321,4,2023,10,20,13,4
5958 Snow Hill Rd,Hunter Rd,0,0,20.0,0,1,0,,,35.090553,-85.064316,4,2023,10,21,14,5
421 W 38th St,Chandler Ave,0,1,35.0,0,1,0,0.0,0.0,35.007086,-85.314865,4,2022,10,28,22,4
N Orchard Knob Ave,E 3rd St,0,1,30.0,0,1,0,0.0,0.0,35.040879,-85.27199,0,2023,10,27,23,4
701 Mansion Cir,Notting Hill,0,0,15.0,6,1,0,0.0,0.0,35.081115,-85.298851,4,2023,11,5,12,6
370 W Martin Luther King Blvd,Highway 27 SB,0,0,25.0,0,1,0,0.0,0.0,35.047035,-85.315233,4,2023,11,7,8,1
1507 Hickory Valley Rd,Hickory Valley Rd,0,0,15.0,0,1,0,0.0,0.0,35.023952,-85.181002,4,2023,11,9,0,3
Market St,E 11th St,0,1,30.0,0,1,0,0.0,0.0,35.043915,-85.30934,4,2023,11,16,16,3
300 W Main St,Broad St,0,1,35.0,1,1,0,0.0,0.0,35.03752,-85.31113,4,2023,11,26,14,6
7500 Standifer Gap Rd,Walker Rd,0,1,45.0,0,1,0,0.0,0.0,35.050162,-85.13463,1,2023,12,5,21,1
2017 Gunbarrel Rd,Goodwin Rd,0,1,15.0,0,1,0,,,34.997952,-85.145693,0,2023,12,11,19,0
200 W 38th St,Huges Ave,0,0,25.0,0,1,0,0.0,0.0,35.005769,-85.312336,4,2023,12,12,6,1
18120 Interstate 24 Eastbound,Interstate 75,1,1,55.0,0,1,0,0.0,0.0,35.015381,-85.276945,0,2023,2,14,20,1
,Browns Ferry Rd,1,1,55.0,4,1,0,0.0,0.0,35.0186462,-85.331377,1,2023,1,18,20,2
7001 Lee Hwy,Shallowford Rd,0,1,45.0,0,1,0,0.0,0.0,35.04497,-85.16237,4,2022,10,4,16,1
1710 Gunbarrel Rd,Ziegler Rd,0,1,,0,1,0,0.0,0.0,35.020977,-85.15991,0,2023,9,12,20,1
7630 E Brainerd Rd,Mackey Branch Dr,0,1,45.0,0,1,0,0.0,0.0,35.011617,-85.157779,4,2023,1,28,16,5
602 Central Ave,Vine St,0,1,25.0,0,1,0,0.0,1.0,35.043677,-85.289771,0,2023,2,11,0,5
Grubb Rd,Highway 153,0,1,35.0,0,1,0,0.0,0.0,35.158162,-85.248507,1,2022,10,3,6,0
3126 Alton Park Blvd,W 31st St,0,1,15.0,0,1,0,0.0,0.0,35.01695,-85.312566,4,2023,8,7,7,0
4101 Jerome Ave,E 39th St,0,1,15.0,4,1,0,0.0,0.0,34.996963,-85.301073,0,2023,1,17,5,1
7640 E Brainerd Rd,E Brainerd Rd,0,1,,0,1,0,0.0,0.0,35.011033,-85.15783,4,2023,7,20,11,3
Vine St,Houston St,0,1,25.0,0,1,0,0.0,0.0,35.049178,-85.302365,4,2023,3,23,12,3
1194 Hooker Rd,E 49th St,0,1,30.0,4,1,0,0.0,0.0,34.985076,-85.287463,1,2023,11,11,0,5
2600-2706 Walker Rd,Standifer Gap Road,0,0,30.0,0,1,0,0.0,0.0,35.054775,-85.138024,4,2023,7,9,19,6
4200 Bonny Oaks Dr,S Access Rd,0,0,40.0,0,1,0,0.0,0.0,35.076752,-85.102216,4,2023,8,24,16,3
610 N Moore Rd,Ellis Ave,0,1,45.0,0,1,0,0.0,0.0,35.020732,-85.223996,4,2023,8,1,21,1
1028 Beason Dr,Beason Dr,0,0,15.0,0,1,0,0.0,0.0,35.0522823,-85.132235,4,2023,7,4,18,1
400 Chickamauga Rd,Lee hwy,1,0,15.0,0,1,0,1.0,1.0,35.021816,-85.19837,0,2023,8,17,3,3
Rogers Rd,N Parkdale Ave,0,0,25.0,0,1,0,0.0,0.0,35.02496,-85.227372,4,2018,1,4,14,3
51 W 3rd St,Market St,0,1,35.0,0,1,0,0.0,0.0,35.106632,-85.279061,4,2018,1,4,14,3
3569 Brainerd Rd,N Germantown Rd,0,1,40.0,0,1,0,0.0,0.0,35.027555,-85.127268,4,2023,10,10,18,1
2017 Gunbarrel Rd,Gunbarrel Rd,0,0,,0,1,0,0.0,0.0,35.031677,-85.155287,4,2023,8,30,9,2
I-75 SB Exit 5 Rd,Shallowford Rd,0,0,40.0,0,1,0,0.0,0.0,35.0432887,-85.157116,4,2023,9,20,16,2
4011 Brainerd Rd,Belvoir Ave,0,1,35.0,1,1,0,0.0,1.0,35.018851,-85.238307,4,2023,10,6,12,4
8644 E Brainerd Rd,Hurricane Creek Rd,0,1,,0,1,0,0.0,0.0,34.999417,-85.133814,4,2023,11,7,13,1
Igou Gap Rd,Morris Hill Rd,0,1,25.0,0,1,0,0.0,0.0,35.016107,-85.125823,4,2023,4,25,9,1
4417 Highway 58,Murray Hills Dr,0,1,40.0,0,1,0,0.0,0.0,35.084699,-85.202247,0,2023,10,3,7,1
4900 Bonny Oaks Drive,Jersey Pike,1,0,45.0,0,1,0,1.0,1.0,35.0817186,-85.262947,0,2023,10,7,0,5
400 E 11th St,Non intersection,0,0,30.0,0,1,0,0.0,0.0,35.041869,-85.304752,4,2023,10,10,6,1
8001 Volkswagen Dr,Ferdinand Piech Wy,1,1,30.0,0,1,0,0.0,0.0,35.087197,-85.134496,0,2023,4,29,5,5
Mccallie Ave,Douglas St,0,0,25.0,0,1,0,0.0,0.0,35.045946,-85.301604,0,2023,10,27,20,4
17970 Interstate 24 Wb Rd,Interstate 24 Eb,0,1,50.0,0,1,0,0.0,0.0,35.024619,-85.300802,4,2023,11,1,16,2
5510 Highway 153,Gadd Rd,1,1,45.0,0,1,0,0.0,0.0,35.001691,-85.293182,4,2023,11,1,20,2
Cherokee Blvd,W Manning St,0,0,30.0,0,1,0,0.0,0.0,35.065702,-85.313496,4,2018,1,25,17,3
1010 N Moore Rd,N Moore Rd,0,0,20.0,0,1,0,0.0,0.0,35.025175,-85.218099,4,2018,1,25,17,3
200 E 38th St,Fagan St,0,1,35.0,0,1,0,0.0,0.0,35.004571,-85.308231,0,2018,2,5,4,0
200 High St,200 High St,0,0,,0,1,0,0.0,0.0,35.054882,-85.305525,0,2018,2,6,19,1
7420 Bonny Oaks Dr,Silverdale rd,0,1,15.0,4,1,0,0.0,0.0,35.06093,-85.136543,4,2018,2,10,13,5
Taylor St,Taylor St,0,0,35.0,0,1,0,0.0,0.0,35.077231,-85.245548,0,2018,2,20,6,1
4902 Jeffery Ln,E 49th St,0,1,25.0,0,1,0,0.0,0.0,34.9915689,-85.306069,4,2018,2,27,17,1
100 N Market St,Frazier Ave,0,1,30.0,4,1,0,0.0,0.0,35.1817509,-85.219612,4,2018,2,28,10,2
2199 Wilder St,Dodson Ave,0,1,30.0,0,1,0,0.0,0.0,35.0586866,-85.27557,4,2018,3,16,15,4
3600 Brainerd Rd,N Germantown Rd,0,1,40.0,0,1,0,0.0,0.0,35.024158,-85.246468,4,2018,4,3,13,1
2300 4th Ave,4th Ave,0,1,40.0,0,1,0,0.0,0.0,35.017935,-85.279681,0,2018,4,3,22,1
301 W 6th St,Pine Street,0,0,30.0,0,1,0,0.0,0.0,35.050511,-85.313393,4,2018,4,9,14,0
2999 Wilcox Blvd,Mary Walker Place,0,1,35.0,0,1,0,0.0,0.0,35.048746,-85.248374,5,2018,4,18,18,2
5604 Hixson Pike,5129 Hixson Pike,0,0,15.0,4,1,0,0.0,0.0,35.144917,-85.22042,4,2018,4,22,14,6
Brainerd Rd,Spring Creek Rd,0,0,40.0,1,1,0,0.0,0.0,35.010589,-85.221388,4,2018,4,23,10,0
E Martin Luther King Blvd,Huston St,0,1,25.0,0,1,0,0.0,0.0,35.0444207,-85.313301,0,2018,4,26,0,3
299 E 6th St,Lookout St,0,0,30.0,0,1,0,0.0,0.0,35.049741,-85.306413,4,2018,4,30,8,0
Houston St,E Martin Luther King Blvd,0,1,35.0,0,1,0,,1.0,35.044747,-85.305556,0,2018,5,9,22,2
1338 Ely Rd,Norcross Rd,1,1,30.0,0,1,0,1.0,1.0,35.0679894,-85.308402,0,2018,5,12,1,5
3224 Brainerd Rd,Brainerd Rd,0,1,35.0,0,1,0,0.0,0.0,35.027032,-85.254178,1,2018,5,16,5,2
Hixson Pike,Longview Dr,1,1,45.0,0,1,0,1.0,1.0,35.1438846,-85.22689,0,2018,5,26,22,5
301 Market St,E 3rd St,0,0,30.0,0,1,0,0.0,0.0,35.05332,-85.309891,4,2018,6,3,7,6
800 Gateway Ave,W ML king,0,0,30.0,0,1,0,0.0,0.0,35.051848,-85.31787,4,2018,6,8,15,4
5928 Hixson Pike,Cassandra Smith Road,0,0,,1,1,0,0.0,0.0,35.147481,-85.20734,4,2018,6,10,14,6
Camden St,Dodson Ave,0,1,30.0,0,1,0,0.0,0.0,35.054518,-85.260155,0,2018,6,13,22,2
1515 Dodson Ave,Camden St,0,1,30.0,0,1,0,0.0,0.0,35.054131,-85.2603,4,2018,6,15,10,4
500 lupton drive,Sleepy hollow,0,0,25.0,0,1,0,1.0,0.0,35.10722,-85.282888,4,2018,6,19,7,1
Arbor Ln,Eller Rd,0,1,20.0,0,1,0,0.0,0.0,35.094641,-85.180832,4,2018,6,19,12,1
5256 Hwy 153,Northgate Mall Dr,1,1,45.0,0,1,0,0.0,0.0,35.126395,-85.240755,1,2018,6,24,1,6
Bonny Oaks Dr,Bonny Oaks Dr,0,1,35.0,1,1,0,0.0,0.0,35.073644,-85.19034,4,2018,7,2,8,0
400 Somerville Ave,Cherokee Blvd,0,0,25.0,0,1,0,0.0,0.0,35.064697,-85.313699,4,2018,7,3,7,1
1949 Northpoint Blvd,Hwy 153,0,1,,0,1,0,0.0,0.0,35.139184,-85.241889,0,2018,7,6,1,4
Market St,E 6th St,0,0,30.0,0,1,0,0.0,0.0,35.049668,-85.309567,4,2018,7,9,12,0
Brainerd Rd,N Germantown Rd,0,1,35.0,0,1,0,0.0,0.0,35.023689,-85.244503,4,2018,7,14,15,5
300 Highway 153 SB,Jersey Pike,1,0,55.0,6,1,0,1.0,1.0,35.0336745,-85.180913,6,2018,7,28,0,5
4537 Norcross Rd,Vanessa Dr,1,0,40.0,0,1,0,0.0,0.0,35.133413,-85.255501,1,2018,7,29,23,6
Market St,Market St,0,0,30.0,0,1,0,0.0,1.0,35.0588643,-85.309234,0,2018,8,5,1,6
1100 Market St,E 11th St,0,0,35.0,0,1,0,0.0,0.0,35.043922,-85.309345,4,2018,8,7,14,1
114 Raider Ln,Signal Mountain Rd.,0,1,,0,1,0,0.0,0.0,35.089254,-85.33089,6,2018,8,12,0,6
Webb Rd,Rosalind Ln,0,1,30.0,0,1,0,0.0,0.0,35.093622,-85.190694,5,2018,8,16,20,3
3222 Cummings Hwy,3200 Cummings Hwy,0,1,15.0,0,1,0,0.0,0.0,35.019037,-85.371242,4,2018,8,30,16,3
501 Signal Mountain Rd,Mundy St,0,0,15.0,0,1,0,0.0,0.0,35.072448,-85.248419,4,2022,2,22,13,1
1300 Poplar St,12th St,0,1,25.0,0,1,0,0.0,0.0,35.0436476,-85.312249,4,2018,9,5,17,2
E Martin Luther King Blvd / University St,University St,0,0,30.0,0,1,0,0.0,0.0,35.043151,-85.30296,4,2018,9,14,19,4
Gunbarrel Rd,Gunbarrel RD,0,1,,0,1,0,0.0,0.0,35.03437,-85.151582,1,2018,9,17,2,0
5740 Highway 153,Grubb Road,0,0,,4,1,0,0.0,0.0,35.154473,-85.24818,4,2018,9,24,7,0
7356 Lee Highway,Cedar Creek mobile home park,1,0,45.0,4,1,0,0.0,0.0,35.0814356,-85.263616,0,2018,9,24,20,0
600 Mccallie Ave,Campus Dr,0,1,25.0,4,1,0,0.0,0.0,35.045946,-85.301604,4,2018,9,26,13,2
Bonny Oaks Dr,Lee Hwy,0,1,40.0,4,1,0,0.0,0.0,35.060689,-85.134239,0,2018,9,27,20,3
1800 - 1899 Verona Dr,7100 Igou Gap,0,1,30.0,0,1,0,0.0,0.0,35.028365,-85.162189,0,2018,9,29,21,5
2000 Milne St,Dodson Ave,0,1,25.0,0,1,0,0.0,0.0,35.04666,-85.263296,4,2018,10,3,13,2
200 W 4th St,Chestnut St,0,0,25.0,0,1,0,0.0,0.0,35.05227,-85.311782,0,2018,10,6,21,5
490 Greenway View Dr,Skurlock Rd,0,0,35.0,0,1,0,0.0,0.0,35.008709,-85.205213,4,2018,10,11,16,3
2700 Broad St,W 27th St,0,1,35.0,0,1,0,0.0,0.0,35.025278,-85.317391,4,2018,10,13,8,5
Chestnut St,W 5th St,0,0,30.0,0,1,0,0.0,0.0,35.050754,-85.311549,4,2018,10,22,16,0
4800-4849 Hixson Pike,Williams St,0,1,40.0,0,1,0,0.0,0.0,35.125416,-85.247475,1,2018,10,23,23,1
1816 Gunbarrel Rd,Crane Rd,0,0,15.0,0,1,0,0.0,0.0,35.024501,-85.155628,4,2018,11,2,18,4
N Willow St,McCallie Ave,0,0,35.0,4,1,0,0.0,0.0,35.0365468,-85.304093,0,2018,11,5,21,0
4408 Highway 58,Murray Hills Rd,0,0,45.0,4,1,0,0.0,1.0,35.083619,-85.202,0,2018,11,8,19,3
3734 St Elmo Ave,38th St,0,0,35.0,4,1,0,0.0,0.0,35.011461,-85.327661,4,2018,11,14,16,2
7100 Shallowford Rd,Shallowford Village Dr,0,1,35.0,0,1,0,0.0,0.0,35.043473,-85.158527,0,2018,11,26,19,0
1413 Bailey Ave,S Highland Park Ave,0,1,35.0,0,1,0,0.0,0.0,35.035704,-85.282778,4,2018,12,5,14,2
5704  Highway 153,Carmack Rd,0,1,45.0,0,1,0,0.0,0.0,35.152798,-85.249638,1,2018,12,9,18,6
2000 Northpoint Blvd,Hixson Pike,0,0,40.0,0,1,0,0.0,0.0,35.135812,-85.238251,0,2018,12,11,20,1
2400 Wilcox Blvd,Wheeler Ave,0,1,35.0,0,1,0,0.0,0.0,35.052089,-85.257494,4,2018,12,18,14,1
2700 Rossville Blvd,Foust St,0,0,40.0,1,1,0,0.0,0.0,35.106002,-85.348993,5,2019,1,4,18,4
3440 Wilcox Blvd,Tunnel Blvd,1,0,15.0,0,1,0,1.0,0.0,35.046965,-85.238216,4,2019,1,7,10,0
2500 E 5th St,Kilmer St,0,1,25.0,0,1,0,0.0,0.0,35.035507,-85.263648,0,2019,1,8,18,1
700 Mccallie ave,Foster St,0,1,25.0,0,1,0,0.0,0.0,35.0438652,-85.304042,4,2019,1,16,14,2
Gunbarrel Rd,Igou Gap Rd,0,1,45.0,0,1,0,0.0,0.0,35.010064,-85.241054,1,2019,1,24,19,3
Brainerd Rd,N Moore Rd,0,0,40.0,0,1,0,0.0,1.0,35.012954,-85.228277,4,2019,1,26,17,5
5500 Highway 58,Hickory Valley Road,1,0,45.0,0,1,0,1.0,0.0,35.106856,-85.150596,1,2019,1,30,19,2
700 E 11th St,Peeples St,0,0,30.0,0,1,0,0.0,0.0,35.040673,-85.30112,4,2019,2,2,14,5
5245 Hwy 153,153,0,1,45.0,0,1,0,0.0,0.0,35.126426,-85.242126,1,2019,2,3,21,6
5500 Highway 153,Gadd Road,0,1,,0,1,0,0.0,0.0,35.142401,-85.248276,4,2019,2,4,12,0
2100 Chamberlain Ave,S Kelley St,0,1,25.0,0,1,0,0.0,0.0,35.032637,-85.271267,0,2019,2,5,19,1
5238 Highway 153,Northgate Mall Dr,0,1,45.0,0,1,0,0.0,0.0,35.124937,-85.240093,1,2019,2,8,19,4
5873 Lake Resort Terrace,Lake Resort Drive,0,0,30.0,4,1,0,0.0,1.0,35.110414,-85.209753,4,2019,2,11,14,0
Private Drive,Hixson Pike,0,0,,4,1,0,0.0,1.0,35.107208,-85.271691,4,2019,2,15,17,4
495 Riverfront Pkwy,W Martin Luther King Blvd,0,1,15.0,4,1,0,0.0,0.0,35.054018,-85.320627,0,2019,2,15,19,4
Hwy 153,Hwy 153,0,0,,4,1,0,0.0,0.0,35.152975,-85.24562,4,2019,2,23,13,5
2900 Hamill Rd,Greenway View Drive,1,1,35.0,4,1,0,1.0,1.0,35.129734,-85.21994,0,2019,2,23,23,5
3817 Hixson Pike,Mauldeth,0,1,40.0,4,1,0,0.0,0.0,35.110842,-85.270346,1,2019,2,24,1,6
6025 E Brainerd Rd,Lee Hwy,0,0,25.0,4,1,0,0.0,0.0,35.01766,-85.204326,4,2019,2,28,17,3
1600 Dodds Ave,E 16th St,0,0,35.0,0,1,0,0.0,0.0,35.0204,-85.27048,4,2019,3,1,16,4
7003 Shallowford Rd,Lee Hwy,0,0,15.0,0,1,0,0.0,1.0,35.044604,-85.160235,0,2019,3,3,2,6
900 Central Ave St,E Martin Luther King Blvd,0,0,35.0,0,1,0,,,35.039775,-85.292119,4,2019,3,5,14,1
Hwy 153,Hixson Pike,0,1,40.0,4,1,0,,,35.1295098,-85.243935,6,2019,3,11,0,0
31 Tunnel Blvd,Montview Drive,0,1,30.0,0,1,0,0.0,0.0,35.027665,-85.248033,4,2019,3,13,8,2
6220 Vance Rd,Airways Blvd,0,1,30.0,0,1,0,0.0,0.0,35.032936,-85.18724,1,2019,3,17,21,6
600 Chestnut St,Non intersection,0,1,15.0,0,1,0,0.0,0.0,35.049623,-85.311696,4,2019,3,20,8,2
3227 7th Ave,7th Ave,0,1,35.0,0,1,0,0.0,0.0,35.003877,-85.283758,4,2019,3,24,17,6
Cummings Hwy,Hemlock Cir,0,1,15.0,4,1,0,0.0,0.0,35.01654,-85.377148,0,2019,3,25,20,0
5605 Seagrove Ln,Bungalow Cir,0,0,20.0,0,1,0,0.0,0.0,35.14337,-85.206028,4,2019,3,29,16,4
3100 Rossville Blvd,E 31st,0,1,40.0,0,1,0,0.0,1.0,35.008603,-85.292886,0,2019,4,1,1,0
4816 Hixson Pike,Williams Rd,0,1,40.0,0,1,0,0.0,0.0,35.126591,-85.246563,4,2019,4,2,8,1
300 Manufacturers Rd,Cherokee Blvd,0,1,15.0,0,1,0,0.0,0.0,35.06339,-85.31415,4,2019,4,10,10,2
1416 Cypress Street Ct,W Main St,0,1,15.0,0,1,0,0.0,0.0,35.041002,-85.318266,4,2019,4,10,20,2
E Martin Luther King Blvd,Peeples St,0,1,30.0,0,1,0,0.0,0.0,35.042295,-85.298807,4,2019,4,17,17,2
Market St,E 10th St,0,1,25.0,0,1,0,0.0,0.0,35.044862,-85.309402,4,2019,4,18,9,3
Dodson Ave,Rawlings St,0,1,40.0,0,1,0,0.0,0.0,35.046597,-85.263677,0,2019,4,18,19,3
3800 Tennessee Ave,Saint Elmo Ave,0,0,30.0,0,1,0,0.0,0.0,35.011069,-85.32764,4,2019,4,19,10,4
6236 Lee Hwy,Vance Rd,0,0,40.0,0,1,0,0.0,0.0,35.03064,-85.183996,1,2019,4,26,22,4
14 E 7th St,Market St,0,0,30.0,0,1,0,0.0,0.0,35.048214,-85.3088,4,2019,5,2,14,3
2500 4th Ave,E 25th St,0,1,30.0,6,1,0,,,35.014365,-85.281598,6,2019,5,4,23,5
5110 Hixson Pike,North Point Blvd,0,1,40.0,0,1,0,0.0,0.0,35.135988,-85.238801,4,2019,5,8,14,2
815 Young Ave,Dugdale st,0,0,25.0,0,1,0,0.0,0.0,35.065945,-85.290155,4,2019,5,9,13,3
E 42nd St,Dorris St,0,1,15.0,0,1,0,,,35.001651,-85.311095,3,2019,5,13,6,0
Chandler Ave,W 38th St,0,0,30.0,0,1,0,0.0,0.0,35.007179,-85.315154,3,2019,5,13,6,0
W Main St,Market St,0,0,35.0,0,1,0,0.0,0.0,35.036143,-85.307328,4,2019,5,22,15,2
E Martin Luther King Blvd,Georgia Ave,0,0,30.0,0,1,0,0.0,0.0,35.045767,-85.308262,4,2019,5,24,13,4
E Main St,S Holtzclaw Ave,0,1,35.0,0,1,0,0.0,0.0,35.028961,-85.288147,4,2019,5,28,16,1
W 10th St,Broad St,0,0,35.0,0,1,0,0.0,0.0,35.044816,-85.310359,4,2019,5,29,17,2
5307 Highway 58,North Hickory Valley Rd,0,0,,0,1,0,0.0,0.0,35.103287,-85.164739,4,2019,6,4,14,1
Market St,Choo Choo Ave,0,0,35.0,4,1,0,0.0,0.0,35.03779,-85.307429,4,2019,6,6,16,3
1538 Lillian Ln,Wilcox Blvd,0,1,25.0,0,1,0,0.0,0.0,35.046372,-85.235016,4,2019,6,11,12,1
7804 E Brainerd Rd,Jenkins Rd,0,0,15.0,0,1,0,0.0,0.0,35.008124,-85.154777,4,2019,6,13,15,3
231 E Martin Luther King Blvd,Houston,0,0,25.0,0,1,0,0.0,1.0,35.045074,-85.305802,0,2019,6,19,23,2
Rossville Blvd,E 40th St,0,1,40.0,0,1,0,0.0,0.0,34.997339,-85.291703,1,2019,6,20,1,3
3404 Navajo Dr,S Germantown Rd.,0,0,35.0,0,1,0,0.0,0.0,35.016959,-85.251097,1,2019,6,28,22,4
8164 E Brainerd Rd,E Brainered Rd,0,1,15.0,0,1,0,0.0,0.0,35.002514,-85.147593,4,2019,6,29,13,5
300 N Market St,Kent Street,0,0,30.0,0,1,0,0.0,0.0,35.064593,-85.308922,4,2019,7,1,10,0
200 Tunnel Blvd,Pinewood Ave,0,0,30.0,0,1,0,0.0,0.0,35.027661,-85.247331,4,2019,7,3,16,2
1255 Central Ave,E 13th St,0,1,35.0,0,1,0,0.0,0.0,35.034534,-85.295368,4,2019,7,9,6,1
808 Fairview Ave,E. mlk,0,0,25.0,0,1,0,0.0,0.0,35.0510711,-85.322005,0,2019,7,14,1,6
22 Starview Ln,Cummings Hwy,0,0,,0,1,0,0.0,0.0,35.02038,-85.378301,4,2019,7,16,12,1
1816 Dodds Ave,18016 Dodds Ave,0,1,35.0,0,1,0,0.0,0.0,35.019143,-85.2716,0,2019,8,4,21,6
975 E 3rd St,E 3rd St,0,1,25.0,0,1,0,0.0,0.0,35.0407327,-85.299871,4,2019,8,5,6,0
1414 Gadd Rd,School Dr,0,0,30.0,0,1,0,0.0,0.0,35.141496,-85.238212,4,2019,8,16,14,4
1000 Hixson Pike,Tremont Street,0,1,35.0,0,1,0,0.0,0.0,35.069184,-85.28933,4,2019,8,20,7,1
Market St,E Martin Luther King Blvd,0,0,30.0,0,1,0,0.0,1.0,35.045763,-85.309399,4,2019,8,20,19,1
7099 Highway 153,Boy Scout Rd,0,1,50.0,0,1,0,0.0,0.0,35.187101,-85.246378,1,2019,8,25,2,6
4535 Highway 58,Rocky River Rd,0,1,40.0,0,1,0,0.0,0.0,35.085699,-85.194881,1,2019,8,26,0,0
1800 Dodds Ave,E 18th St,0,0,35.0,0,1,0,0.0,0.0,35.019182,-85.271574,4,2019,9,4,12,2
2600 4th Ave,E 25th St Pl,0,1,35.0,0,1,0,0.0,0.0,35.015848,-85.280595,0,2019,9,5,23,3
18100 Interstate 24 Wb Hwy,4th Ave,0,1,55.0,0,1,0,0.0,1.0,35.016831,-85.281292,0,2019,9,14,21,5
W Aquarium Way,Walnut St,0,1,25.0,0,1,0,0.0,0.0,35.055266,-85.307282,4,2019,9,28,16,5
409 Veterans Way,N Sylvan Ave,0,1,15.0,0,1,0,0.0,0.0,35.035578,-85.230847,1,2019,9,29,22,6
1428 Jenkins Rd,Cleveland Ave,0,1,45.0,0,1,0,0.0,0.0,34.993964,-85.289371,1,2019,10,11,21,4
S Lyerly St,Bailey Ave,0,1,35.0,0,1,0,,,35.030994,-85.270124,4,2019,10,12,13,5
1685 Walker Ave,N Hickory St,0,0,25.0,0,1,0,0.0,0.0,35.046258,-85.272018,4,2019,10,23,17,2
652 E 10th St,Peeples St,0,1,30.0,1,1,0,0.0,0.0,35.040827,-85.299219,4,2019,10,27,13,6
2109 Morris Hill Rd,Belleau Woods Dr,0,1,15.0,0,1,0,1.0,1.0,35.02297,-85.12391,1,2019,10,29,20,1
Mountain Creek Rd,Commercial Ln,0,0,30.0,0,1,0,0.0,0.0,35.101463,-85.32711,0,2019,11,6,20,2
1201 Boynton Dr,Gateway Ave,0,1,,0,1,0,0.0,0.0,35.045229,-85.32022,4,2019,11,13,9,2
143 N Market St,N Market St,0,1,30.0,0,1,0,0.0,0.0,35.063047,-85.30872,4,2019,11,13,12,2
2100 Mccallie Ave,South Willow St,1,1,35.0,0,1,0,0.0,0.0,35.034853,-85.27185,0,2019,11,21,19,3
1300 Workman Rd,Rossville Blvd.,0,1,35.0,4,1,0,0.0,0.0,35.0129085,-85.228032,1,2019,11,22,17,4
5972 Brainerd Rd,Brainerd Rd,0,1,45.0,0,1,0,0.0,0.0,35.016971,-85.206001,4,2019,11,24,13,6
Georgia Ave,E 5th St,0,1,25.0,0,1,0,0.0,0.0,35.040699,-85.300804,4,2019,11,27,16,2
100 Tremont St,Frazier Ave,0,0,25.0,0,1,0,0.0,0.0,35.061791,-85.304515,4,2019,11,28,7,3
3300 Alton Park Blvd,West 33rd Street,0,1,35.0,3,1,0,0.0,0.0,35.053737,-85.353159,4,2019,12,4,8,2
,East Brainerd Rd,1,1,55.0,0,1,0,0.0,0.0,35.027319,-85.17255,1,2019,12,4,20,2
3504 Hixson Pike,00 Lupton drive,0,0,35.0,0,1,0,0.0,0.0,35.104469,-85.272607,4,2019,12,11,10,2
Usher Dr,Halsey St,0,0,30.0,0,1,0,0.0,0.0,34.989363,-85.316471,0,2019,12,15,19,6
7477 Commons Blvd,Commons Blvd,0,1,,0,1,0,0.0,0.0,35.033141,-85.145593,4,2019,12,19,12,3
3500 Rossville Blvd,E 35th St,0,1,40.0,0,1,0,0.0,0.0,35.003278,-85.292176,0,2019,12,20,18,4
5440 Highway 153,North Point Blvd,1,0,45.0,4,1,0,0.0,0.0,35.138778,-85.247194,1,2019,12,23,7,0
Signal Mountain Rd,Raider Ln,0,0,15.0,0,1,0,0.0,1.0,35.0946,-85.33053,4,2019,12,24,12,1
904 N Orchard Knob Ave,Rawlings St,0,1,35.0,0,1,0,0.0,0.0,35.047855,-85.268016,2,2019,12,27,18,4
3300 Rossville Blvd,33rd St,0,1,40.0,0,1,0,0.0,0.0,35.005972,-85.29307,0,2020,1,14,21,1
35 Talley Rd,Brainerd Rd,0,0,15.0,0,1,0,0.0,0.0,35.021481,-85.240693,1,2020,1,21,19,1
1330 E 3rd St,Holtzlcaw Ave,0,1,35.0,0,1,0,0.0,0.0,35.043072,-85.279331,4,2020,1,22,15,2
7987 E Brainerd Rd,Thelmeta Ave,0,1,40.0,0,1,0,0.0,0.0,35.005196,-85.151676,0,2020,1,27,18,0
4th St,Market St,0,0,30.0,0,1,0,0.0,0.0,35.052314,-85.309633,4,2020,1,30,13,3
400 E 4th St,Market St,0,0,30.0,0,1,0,0.0,0.0,35.052314,-85.309633,4,2020,2,3,13,0
3100 Cummings Hwy,Aster Ave,0,1,45.0,0,1,0,0.0,0.0,35.0373424,-85.317313,4,2020,2,4,16,1
2100 Hamilton Place Blvd,Hamilton Place Blvd,0,0,,0,1,0,0.0,0.0,35.034528,-85.158706,4,2020,2,7,17,4
4400 HWY 58,Murray Hills DR,0,0,40.0,0,1,0,0.0,0.0,35.084387,-85.201204,0,2020,2,14,3,4
Brainerd Rd,N Moore Rd,0,0,40.0,4,1,0,0.0,0.0,35.012954,-85.228277,4,2020,2,20,8,3
2302 Glass St,GLASS ST,0,0,,0,1,0,0.0,0.0,35.064089,-85.253404,0,2020,2,23,0,6
8101 E Brainerd Rd,E Brainerd Rd,0,0,15.0,0,1,0,0.0,0.0,35.005297,-85.149263,0,2020,2,23,19,6
4211 Rossville Blvd,E 43rd St,1,1,40.0,0,1,0,1.0,1.0,34.994056,-85.291635,0,2020,2,25,20,1
W 4th St,Broad St,0,0,20.0,1,1,0,0.0,0.0,35.052295,-85.310664,4,2020,2,26,17,2
320 King St,E Martin Luther King Blvd,0,0,25.0,0,1,0,0.0,1.0,35.044474,-85.304811,0,2020,2,29,20,5
8001 Volkswagen Dr,75 hwy,0,0,,0,1,0,0.0,0.0,35.0766869,-85.135141,0,2020,3,7,3,5
1901 E 3RD ST,N Orchard Knob,0,1,35.0,0,1,0,0.0,0.0,35.040848,-85.271906,4,2020,3,8,14,6
3600 Brainerd Rd,McBrien Rd.,0,1,35.0,0,1,0,0.0,0.0,34.9949758,-85.3385,4,2020,3,9,16,0
2-8 Exit 181 On Ramp Wb rd,4th Ave,0,1,45.0,4,1,0,0.0,0.0,35.01715,-85.28045,0,2020,3,12,7,3
3536 Brainerd Rd,N Germantown Rd,0,1,45.0,0,1,0,0.0,0.0,35.024755,-85.247548,4,2020,3,12,15,3
S Germantown Rd,Wilcox Blvd,0,1,35.0,0,1,0,,,35.051577,-85.253371,3,2020,3,19,7,3
3450 Wilcox Blvd,Wilcox Blvd,0,1,35.0,0,1,0,0.0,0.0,35.047062,-85.237198,0,2020,3,22,23,6
1000 E 3rd Street,E 3rd St,0,0,15.0,4,1,0,0.0,0.0,35.047259,-85.290517,4,2020,3,23,12,0
1505 Mulberry St,E Main St,0,1,15.0,0,1,0,0.0,0.0,35.025113,-85.278727,0,2020,4,5,20,6
1609 Dodds Ave,E 17th St,0,0,35.0,0,1,0,0.0,0.0,35.02045,-85.270951,4,2020,4,7,9,1
E 36th street,3rd avenue,1,1,35.0,0,1,0,0.0,0.0,35.002497,-85.289383,5,2020,4,8,19,2
4211 Rossville Blvd,E 42nd St,0,0,40.0,0,1,0,0.0,0.0,35.0237939,-85.297324,4,2020,4,10,19,4
153 Hwy,Grubb Rd,0,0,45.0,4,1,0,0.0,0.0,35.152975,-85.24562,4,2020,4,12,15,6
959 Gateway Ave,959 Gateway Ave,0,1,,0,1,0,0.0,0.0,35.045229,-85.32022,4,2020,4,29,8,2
7748 Nautical Way,Holiday Hills Cir,0,1,35.0,0,1,0,0.0,,35.080442,-85.16802,1,2020,5,2,22,5
2626 Walker Rd,Standifer Gap Rd,0,0,25.0,0,1,0,0.0,0.0,35.056528,-85.13274,4,2020,5,3,15,6
4th Ave,E 25th St,0,1,35.0,0,1,0,0.0,0.0,35.015081,-85.281591,0,2020,5,17,22,6
1100 E 3rd St,Central Ave,0,1,30.0,0,1,0,0.0,0.0,35.046017,-85.288095,4,2020,5,19,9,1
Lookout St,Georgia Ave,0,0,25.0,0,1,0,0.0,0.0,35.050391,-85.306948,4,2020,5,21,8,3
1426 Stratton Place Dr,E Brainerd Rd,0,1,15.0,0,1,0,0.0,0.0,35.011049,-85.160485,4,2020,6,10,20,2
3409 Clio Ave Private property,Private Property Driveway,0,1,15.0,0,1,0,0.0,0.0,35.005409,-85.291976,4,2020,6,16,16,1
2285 Wilcox Blvd,Dodson Ave,0,1,15.0,4,1,0,0.0,0.0,35.053263,-85.260921,0,2020,6,17,21,2
1301 Dallas Rd,Mississippi Ave,0,0,,4,1,0,0.0,0.0,35.079156,-85.303264,4,2020,6,26,10,4
7022 Shallowford Rd,Amin Dr,0,0,,0,1,0,0.0,0.0,35.042752,-85.158203,4,2020,7,2,11,3
2909 Noa St,Stuart St,0,1,25.0,0,1,0,0.0,1.0,35.069598,-85.245405,0,2020,7,5,21,6
8001 Volkswagen Dr,Gate 9A Rd,0,1,35.0,0,1,0,0.0,0.0,35.080045,-85.132664,1,2020,7,17,21,4
2528 Broad St,W 25th St,0,0,15.0,0,1,0,0.0,0.0,35.02783,-85.315794,4,2020,7,20,13,0
2001 E 23rd St,S. Orchard Knob Ave,0,1,40.0,0,1,0,0.0,0.0,35.019679,-85.282975,4,2020,7,21,11,1
E 11th St,Peeples St,0,1,25.0,0,1,0,0.0,1.0,35.040477,-85.299892,4,2020,8,7,19,4
5709 Lee Hwy,6000 E Brainerd,0,0,40.0,0,1,0,0.0,0.0,35.019342,-85.204593,0,2020,8,8,2,5
5637 Highway 58,Tyner Ln,0,0,15.0,0,1,0,0.0,0.0,35.110503,-85.142253,4,2020,8,18,15,1
500 S Germantown Rd,18350 Hwy 24 Wb,0,0,35.0,4,1,0,0.0,0.0,35.015328,-85.251282,4,2020,8,24,11,0
Long St,W 26th St,0,1,15.0,0,1,0,0.0,1.0,35.024836,-85.314417,0,2020,9,3,22,3
5400 Brainerd Rd,Pisgah Ave,0,1,40.0,0,1,0,0.0,0.0,35.01038,-85.22103,0,2020,9,5,20,5
1020 N Moore Rd,Belle Vista,0,1,35.0,0,1,0,0.0,0.0,35.027863,-85.21911,4,2020,9,8,16,1
400 N. Holtzclaw Ave,East 3rd St.,0,1,40.0,0,1,0,0.0,0.0,35.044604,-85.281959,5,2020,9,14,18,0
200 E Martin Luther King Blvd St,Non intersection,0,0,30.0,0,1,0,0.0,0.0,35.044563,-85.306585,4,2020,9,16,14,2
9200 Lee Hwy,Artesian circle,0,1,35.0,1,1,0,0.0,0.0,35.08452,-85.06383,4,2020,9,19,10,5
3614 Wilcox Blvd,Dogwood Dr,0,1,30.0,0,1,0,0.0,0.0,35.045763,-85.233416,4,2020,9,19,17,5
N Market St,Cherokee Blvd,0,0,30.0,4,1,0,0.0,0.0,35.062644,-85.308526,4,2020,9,24,18,3
Rossville Blvd,E 35th St,0,0,15.0,0,1,0,0.0,0.0,35.004673,-85.292334,4,2020,10,7,15,2
5428 Hwy 153,Northpoint Blvd,0,0,15.0,0,1,0,0.0,0.0,34.9875422,-85.294598,4,2020,10,8,14,3
9050-9198 Lee Hwy,Little Debbie Pkwy,0,1,40.0,0,1,0,0.0,0.0,35.08456,-85.06419,1,2020,10,8,22,3
W Aquarium Way,Chestnut St,0,1,15.0,4,1,0,0.0,0.0,35.054733,-85.311857,0,2020,10,10,19,5
5958 Snow Hill Rd,Mountain View,0,0,15.0,4,1,0,0.0,0.0,35.090553,-85.064316,0,2020,10,10,20,5
4903 Brainerd Rd,N Moore Rd,0,1,35.0,0,1,0,0.0,1.0,35.012915,-85.227459,0,2020,10,13,19,1
4216 Midland Pike,Talley Road,0,1,30.0,0,1,0,0.0,0.0,35.0514,-85.2804,4,2020,10,19,14,0
3330 Hixson Pike,Carter Dr,0,1,40.0,0,1,0,0.0,0.0,35.101874,-85.274186,4,2020,10,20,10,1
Cooley St,N Willow St,0,1,25.0,0,1,0,0.0,0.0,35.052261,-85.265688,5,2020,10,22,20,3
Lee Hwy,Tyner Rd,0,1,45.0,1,1,0,0.0,0.0,35.055087,-85.143332,4,2020,10,24,7,5
7205 Aventine Way,E Brainerd,0,1,15.0,0,1,0,0.0,0.0,35.016396,-85.168561,4,2020,10,26,17,0
501 Signal Mountain Rd,Mundy Street,0,1,15.0,0,1,0,0.0,0.0,35.094368,-85.331318,4,2020,11,6,14,4
1701-1799 E 37th St,Rossville Blvd,0,1,30.0,4,1,0,0.0,0.0,35.001482,-85.291618,0,2020,11,11,18,2
7500 Bonny Oaks Dr,Lee Hwy,0,1,40.0,0,1,0,1.0,0.0,35.0607478,-85.134369,4,2020,11,12,15,3
6th Ave,E 25th Street Ct,0,1,15.0,0,1,0,0.0,0.0,35.013672,-85.279925,4,2020,11,16,12,0
W 3rd St,Market St,0,0,35.0,0,1,0,0.0,0.0,35.053512,-85.309667,4,2020,11,17,15,1
3500 Brainerd Rd,N Germantown Rd,0,1,35.0,0,1,0,0.0,0.0,35.023571,-85.244828,4,2020,11,20,10,4
6101 Lee Hwy,Lee Hwy,0,1,15.0,0,1,0,0.0,0.0,35.030545,-85.189874,4,2020,11,27,12,4
7734 Lee Hwy,Bonny Oaks Dr,0,1,15.0,0,1,0,0.0,0.0,35.062796,-85.130151,4,2020,11,30,14,0
5928 Hixson Pike,Cassandra Smith Rd,0,1,,0,1,0,0.0,0.0,35.147481,-85.20734,4,2020,12,1,12,1
Gunbarrel Rd,Goodwin Rd,0,0,15.0,0,1,0,0.0,0.0,35.033214,-85.151302,4,2020,12,5,13,5
4300 Highway 58,Murray Hills Drive,0,1,45.0,0,1,0,0.0,1.0,35.082562,-85.206217,0,2020,12,6,19,6
3354 Charger Dr,W 37th St,0,0,30.0,0,1,0,0.0,0.0,35.013799,-85.323359,4,2020,12,10,15,3
3424 Rossville Blvd,E 35th St,0,1,40.0,0,1,0,0.0,0.0,35.004258,-85.292268,4,2020,12,15,10,1
6200 Mountain View Rd,Hunter Rd,0,0,35.0,0,1,0,0.0,1.0,35.098445,-85.05571,1,2020,12,18,6,4
700-799 River Terminal Rd,Riverport Rd,0,0,15.0,0,1,0,0.0,0.0,35.071852,-85.271676,4,2020,12,22,15,1
116 Central Ave,East 3rd,0,1,25.0,4,1,0,0.0,0.0,35.04786,-85.287357,0,2020,12,24,6,3
490 Greenway View Dr,Brainerd rd,0,1,15.0,1,1,0,0.0,0.0,35.008709,-85.205213,0,2020,12,24,17,3
Derby Cir,E 4th St,0,0,30.0,0,1,0,,1.0,35.037478,-85.265377,0,2020,12,25,4,4
120 Market St,W Aquarium Way,0,1,25.0,0,1,0,0.0,1.0,35.055214,-85.309333,0,2020,12,27,21,6
6725 Dupre Rd,Hickory Valley Rd,0,1,25.0,0,1,0,0.0,0.0,35.02471,-85.180158,3,2021,1,2,7,5
1804 Gunbarrel Rd,Crane Rd,0,1,,0,1,0,0.0,0.0,35.023735,-85.158512,4,2021,1,4,17,0
Amnicola Hwy,Judd Rd,0,1,50.0,0,1,0,0.0,1.0,35.084474,-85.262399,0,2021,1,15,20,4
Rossville Blvd,27th St,0,0,45.0,0,1,0,0.0,0.0,35.01603,-85.29329,1,2021,1,16,21,5
18517 Interstate 24 Eastbound,Spring Creek Rd,0,1,45.0,0,1,0,0.0,0.0,35.004152,-85.219256,2,2021,1,18,2,0
2521 Lifestyle Way,Napier Rd,0,0,15.0,0,1,0,0.0,0.0,35.044337,-85.152338,4,2021,1,23,13,5
1906 Fairleigh St,N Beech St,0,0,30.0,1,1,0,0.0,0.0,35.1310404,-85.236565,5,2021,1,24,17,6
E 11th St,Baldwin St,0,1,25.0,0,1,0,0.0,0.0,35.0451953,-85.304933,0,2021,1,29,19,4
5764 Highway 153,Hwy 153 Nb,0,1,45.0,1,1,0,0.0,0.0,35.152975,-85.24562,4,2021,1,30,13,5
5814 Lee Hwy,Chickamauga Rd,0,1,40.0,0,1,0,0.0,0.0,35.021343,-85.200063,0,2021,1,30,22,5
3907 Dodds Ave,E 40th St,0,1,30.0,0,1,0,0.0,0.0,34.997051,-85.283782,0,2021,2,1,20,0
6951 Lee Hwy,Shallowford Rd,0,1,40.0,0,1,0,0.0,0.0,35.044762,-85.164109,0,2021,2,5,7,4
4040 Mountain Creek Rd,Mountain Creek Rd,0,0,15.0,0,1,0,0.0,0.0,35.128226,-85.307986,4,2021,2,9,18,1
3600 Rossville Blvd,37th,0,1,35.0,0,1,0,0.0,0.0,35.002372,-85.291848,3,2021,2,12,6,4
2301 4th Ave,E 23rd St,0,0,25.0,0,1,0,0.0,0.0,35.017689,-85.280427,4,2021,2,22,18,0
S Willow St,E 23rd St,0,1,35.0,0,1,0,0.0,0.0,35.018994,-85.279976,4,2021,2,24,13,2
Mountain Creek Rd,Signal View,0,1,25.0,0,1,0,0.0,0.0,35.103758,-85.32436,0,2021,2,27,21,5
2301 4th Ave,E 23rd St,0,1,45.0,0,1,0,0.0,0.0,35.017689,-85.280427,0,2021,2,27,22,5
4711 Brainerd Rd,Woodvale,0,1,35.0,0,1,0,,,35.014231,-85.23045,0,2021,3,8,0,0
Manufacturers Rd,Cherokee Blvd,0,1,30.0,0,1,0,0.0,0.0,35.063562,-85.310268,4,2021,3,19,14,4
Riverfront Pkwy,Power Ally,0,0,25.0,4,1,0,0.0,0.0,35.055585,-85.314669,4,2021,3,23,17,1
2020 Gunbarrel Rd,Goodwin Rd,0,1,15.0,0,1,0,0.0,0.0,35.030081,-85.153146,4,2021,3,24,12,2
Tremont St,Frazier Ave,0,0,30.0,0,1,0,0.0,0.0,35.061751,-85.30483,4,2021,3,26,11,4
7804 E Brainerd Rd,E Brainerd Rd,0,1,,0,1,0,0.0,0.0,35.008124,-85.154777,4,2021,3,30,14,1
Houston St,Vine St,0,1,35.0,0,1,0,0.0,0.0,35.04888,-85.30315,4,2021,4,1,9,3
000 W Bell Ave,N Market St,0,1,30.0,0,1,0,0.0,0.0,35.068284,-85.308932,0,2021,4,5,21,0
Amnicola Hwy,Amnicola Hwy,0,0,50.0,0,1,0,1.0,0.0,35.060881,-85.274813,4,2021,4,6,15,1
3604 Brainerd Rd,Germantown rd,0,1,15.0,0,1,0,0.0,0.0,35.023303,-85.245707,0,2021,4,6,20,1
5840 Lake Resort Ter,Lake Resort Ter,0,1,,0,1,0,0.0,0.0,35.10906,-85.21286,3,2021,4,7,7,2
S Greenwood Ave,E 16th St,0,0,25.0,0,1,0,0.0,0.0,35.027774,-85.287382,4,2021,4,10,17,5
3800 Chandler Ave,400 West 38th Street,0,1,35.0,0,1,0,,,35.006719,-85.313922,4,2021,4,13,14,1
,Hwy 153 NB,1,0,55.0,0,1,0,1.0,1.0,35.030023,-85.169946,1,2021,4,16,3,4
6220 Perimeter Dr,Perimeter Dr,0,0,,0,1,0,0.0,0.0,35.028732,-85.183754,4,2021,4,16,10,4
500 S Willow St,Bailey Ave,0,1,25.0,0,1,0,0.0,0.0,35.033198,-85.272756,4,2021,4,22,8,3
300 N Germantown Rd,Rogers Rd,1,0,30.0,0,1,0,0.0,0.0,35.034097,-85.241284,1,2021,4,23,0,4
1523 Bradt St,Camden St,0,1,30.0,0,1,0,0.0,0.0,35.054535,-85.262452,0,2021,4,26,0,0
Cherokee Blvd,Manufacturers Rd,0,0,35.0,0,1,0,0.0,0.0,35.063562,-85.310268,0,2021,4,26,5,0
5800 Lee Hwy,Lee Hwy,0,0,,0,1,0,0.0,0.0,35.020397,-85.200939,4,2021,4,27,10,1
1200 Nellie St,Hoyt,0,1,25.0,1,1,0,0.0,0.0,35.045715,-85.247063,4,2021,4,29,10,3
1801 S Holtzclaw Ave,E 21st,0,1,,0,1,0,0.0,1.0,35.025405,-85.290348,0,2021,5,9,0,6
2300 4th Ave,E 23rd St,0,0,35.0,0,1,0,0.0,1.0,35.017356,-85.279988,3,2021,5,15,20,5
E 23rd St,Rossville Blvd,0,1,45.0,0,1,0,0.0,0.0,35.024513,-85.297979,1,2021,5,15,21,5
Hamill Rd,Hwy 153,0,0,15.0,0,1,0,0.0,0.0,35.123297,-85.240129,4,2021,5,28,14,4
4305 Hancock Rd,Jersey Pike,0,1,35.0,0,1,0,0.0,0.0,35.08142,-85.185364,1,2021,5,29,4,5
E 23rd St,S Willow St,0,1,35.0,0,1,0,,0.0,35.01701,-85.277147,6,2021,6,1,0,1
103 Market St,Aquarium Way,0,1,30.0,0,1,0,0.0,1.0,35.055669,-85.309741,4,2021,6,3,8,3
5500 Highway 153,Gadd Rd,0,0,45.0,0,1,0,0.0,0.0,35.142401,-85.248276,4,2021,6,4,20,4
301 E Martin Luther King Blvd,E MLK Blvd,0,1,25.0,0,1,0,0.0,1.0,35.044821,-85.305288,4,2021,6,17,13,3
5900 Lee Hwy,Airport Rd,0,1,40.0,0,1,0,0.0,0.0,35.022082,-85.198323,4,2021,6,29,10,1
2180 Gunbarrel Rd,Commons Blvd,0,1,15.0,0,1,0,0.0,0.0,35.034718,-85.149653,4,2021,7,2,10,4
3147 Broad St,W 31st St,0,0,,1,1,0,0.0,0.0,35.019563,-85.321641,4,2021,7,7,12,2
561 Arlington Ave,Ramsey St.,0,0,30.0,0,1,0,0.0,0.0,35.041794,-85.264616,4,2021,7,7,15,2
Dodson Ave,Wilcox Blvd,0,1,35.0,0,1,0,0.0,0.0,35.05297,-85.260301,4,2021,7,10,16,5
7610 E Brainerd Rd,Strattmon Cir,0,0,15.0,4,1,0,0.0,0.0,35.011033,-85.15783,4,2021,7,11,19,6
5200 Hixson Pike,Austin Rd,0,0,40.0,4,1,0,0.0,0.0,35.13766,-85.2363,4,2021,7,12,13,0
E Main St,Market St,0,1,25.0,0,1,0,0.0,0.0,35.036143,-85.307328,4,2021,7,14,17,2
W 10th St,Broad St,0,1,30.0,0,1,0,0.0,0.0,35.04484,-85.3109,0,2021,7,15,0,3
24 EB interstate,Hwy 27,1,1,55.0,0,1,0,0.0,0.0,35.021125,-85.326589,5,2021,7,22,20,3
Market St,W 14th St,0,1,30.0,0,1,0,0.0,0.0,35.038306,-85.307836,0,2021,7,24,22,5
7641 Lee Hwy,Lee Hwy,0,1,40.0,0,1,0,0.0,1.0,35.060567,-85.135205,0,2021,7,27,22,1
301 N Holtzclaw Ave,N Holtzclaw Ave,0,0,15.0,0,1,0,0.0,0.0,35.04265,-85.282091,4,2021,7,30,12,4
2119 E 23rd St,S Willow St,0,1,30.0,0,1,0,,,35.018546,-85.280426,4,2021,8,6,14,4
4903 Brainerd Rd,N Moore Rd,0,1,40.0,0,1,0,0.0,1.0,35.012915,-85.227459,0,2021,8,10,22,1
Interstate 24 EB hwy,S Germantown rd,0,1,55.0,0,1,0,,,35.012864,-85.249053,1,2021,8,13,0,4
1826 Carter St,Carter St,0,0,15.0,0,1,0,0.0,0.0,35.0467,-85.3011,4,2021,8,13,18,4
W 3rd St,Market St,0,0,30.0,0,1,0,0.0,0.0,35.053495,-85.310575,0,2021,8,13,22,4
2525 De Sales Ave,Derby St,0,0,15.0,0,1,0,0.0,0.0,35.041707,-85.260666,4,2021,8,19,8,3
S Willow St,E 18th St,0,1,25.0,0,1,0,0.0,0.0,35.02184,-85.278652,0,2021,8,20,3,4
Hickory Valley Rd,Shallowford Rd,0,0,35.0,0,1,0,0.0,0.0,35.043769,-85.167619,3,2021,9,2,6,3
Frazier Ave,Tremont St/Tampa St,0,1,30.0,0,1,0,0.0,0.0,35.0616,-85.30466,4,2021,9,3,6,4
E 11th St,Market St,0,1,30.0,0,1,0,0.0,0.0,35.043922,-85.309345,3,2021,9,10,7,4
703 Signal Mountain Rd,Signal Moutain Rd,0,0,15.0,0,1,0,,,35.098406,-85.329331,4,2021,9,16,12,3
1420 Dodson Ave,Wilcox Blvd,0,1,,0,1,0,0.0,1.0,35.05297,-85.260301,4,2021,9,16,18,3
3440 Wilcox Blvd,Tunnel Blvd,0,1,15.0,0,1,0,0.0,0.0,35.046965,-85.238216,0,2021,9,17,20,4
7502 Standifer Gap Rd,Jenkins Rd,0,1,25.0,0,1,0,0.0,0.0,35.0436962,-85.125868,2,2021,9,24,0,4
W 20th St,Long St,0,1,,0,1,0,0.0,0.0,35.032049,-85.311255,4,2021,9,27,11,0
438 Roberts St,Cleveland Ave,0,1,25.0,0,1,0,,,35.043325,-85.273118,0,2021,9,29,23,2
1401 E 23rd St,S Greenwood Ave,0,1,40.0,0,1,0,0.0,0.0,35.0221,-85.290226,4,2021,9,30,17,3
7400 Goodwin Rd,Gunbarrel Rd,0,1,45.0,0,1,0,0.0,0.0,35.030221,-85.155546,4,2021,10,1,14,4
800 E MLK Blvd,Douglas St,0,0,25.0,0,1,0,0.0,0.0,35.043151,-85.30296,0,2021,10,1,21,4
2100 Hamilton Place Blvd,Hamilton Place Blvd,0,1,15.0,0,1,0,0.0,0.0,35.032896,-85.159378,0,2021,10,2,21,5
3100 Broad St,W 31st St,0,0,35.0,4,1,0,0.0,0.0,35.020693,-85.319977,0,2021,10,7,2,3
4600 Amnicola Hwy,HWY 153,0,1,50.0,0,1,0,0.0,0.0,35.091662,-85.225479,1,2021,10,11,20,0
Cappella St,E 19th St,0,0,15.0,0,1,0,0.0,0.0,35.032214,-85.305593,4,2021,10,13,16,2
801 Riverfront Pkwy,Molly Ln,0,1,35.0,0,1,0,0.0,1.0,35.05079,-85.321247,0,2021,10,13,21,2
Brainerd Rd,Eastgate Loop Rd,0,1,40.0,0,1,0,0.0,1.0,35.01064,-85.216372,0,2021,10,16,20,5
Market St,E 3rd St,0,0,35.0,3,1,0,0.0,0.0,35.053512,-85.309667,4,2021,10,17,16,6
Georgia Ave,E 5th St,0,1,30.0,0,1,0,0.0,0.0,35.051045,-85.305296,0,2021,10,20,19,2
Bonny Oaks Dr,S Access,0,1,45.0,0,1,0,1.0,1.0,35.080613,-85.212942,0,2021,10,23,19,5
Lindsay St,E 8th St,0,0,35.0,4,1,0,0.0,0.0,35.046629,-85.30615,3,2021,10,29,7,4
1300 Vance Road,Hunt Drive,0,1,35.0,0,1,0,0.0,0.0,35.024147,-85.187644,4,2021,11,2,15,1
Market St,W14th St,0,1,30.0,0,1,0,,,35.038499,-85.307481,0,2021,11,5,20,4
4850 Highway 58,Jersey Pike,1,0,40.0,0,1,0,0.0,1.0,35.09146,-85.182441,1,2021,11,5,20,4
200 W Aquarium Way,Power Aly,0,0,25.0,0,1,0,0.0,0.0,35.054365,-85.312362,4,2021,11,10,9,2
2277 Gunbarrel Rd,Shallowford Road,0,1,40.0,0,1,0,0.0,0.0,35.039243,-85.151301,0,2018,11,30,22,4
1808 S Beech St,E 19th St,0,1,30.0,0,1,0,0.0,0.0,35.1830942,-85.219799,4,2018,3,17,14,5
3131 Mountain Creek Rd,Mountain creek rd,0,1,,1,1,0,0.0,0.0,35.123054,-85.318047,1,2018,2,7,19,2
5764 Highway 153,Grubb Rd,0,0,,0,1,0,0.0,0.0,35.152975,-85.24562,4,2018,1,19,12,4
E Martin Luther King Blvd,Georgia Avenue,0,0,25.0,0,1,0,0.0,0.0,35.045767,-85.308262,4,2018,2,27,12,1
3604 Brainerd Rd,Germantown Rd,0,1,40.0,0,1,0,0.0,,35.023303,-85.245707,4,2018,4,20,9,4
E Martin Luther King Blvd,Houston St,0,0,30.0,0,1,0,0.0,0.0,35.044563,-85.306585,4,2018,8,16,9,3
W 20th St,2000 Broad St,0,1,35.0,0,1,0,0.0,0.0,35.033352,-85.313586,3,2018,1,16,6,1
Central Ave,McCallie Ave,0,0,35.0,1,1,0,0.0,0.0,35.041926,-85.290932,4,2018,9,6,7,3
2288 Gunbarrel Rd,Gunbarrel Rd,0,0,15.0,0,1,0,0.0,0.0,35.037485,-85.149705,4,2018,5,10,11,3
200 W 6th St,Non intersection,0,1,35.0,0,1,0,0.0,0.0,35.049623,-85.311696,4,2018,1,19,17,4
Volkswagen Dr,Bonny Oaks Dr,0,1,,0,1,0,0.0,0.0,35.080045,-85.132664,0,2018,1,18,5,3
300 Market St,West 3rd St,0,0,30.0,0,1,0,0.0,0.0,35.053512,-85.309667,4,2018,1,20,15,5
Market St,E 6th St,0,1,45.0,0,1,0,0.0,0.0,35.049668,-85.309567,4,2018,2,20,6,1
2204 Hamilton Place Blvd,Hamilton Place Blvd,0,1,30.0,4,1,0,1.0,1.0,35.0381,-85.155971,1,2019,3,9,0,5
E 10th St,Market St,0,1,35.0,0,1,0,0.0,0.0,35.044862,-85.309402,4,2018,1,2,17,1
140 Highway 153 Nb,130 Hwy 153 NB,0,1,55.0,0,1,0,1.0,0.0,35.039725,-85.18526,4,2019,5,30,11,3
Shepherd View Cir,7168 shepard view circle,0,1,15.0,0,1,0,0.0,0.0,35.057392,-85.148694,4,2018,3,23,15,4
E 3rd St,Central Ave,0,1,30.0,3,1,0,0.0,0.0,35.046907,-85.288194,0,2018,1,8,7,0
5837 Bunch St,Dixson St,0,1,25.0,0,1,0,0.0,0.0,35.043199,-85.19201,0,2018,11,15,19,3
Brainerd Rd,Brainerd Rd,0,1,,4,1,0,0.0,0.0,35.012306,-85.212241,0,2018,1,12,7,4
Volkswagen Dr,Volkswagen Dr,0,1,15.0,1,1,0,0.0,0.0,35.080045,-85.132664,4,2018,6,28,6,3
7300 Shallowford Rd,Napier,1,1,40.0,0,1,0,0.0,0.0,35.041836,-85.154037,0,2018,8,7,6,1
2100 Hamilton Place,Hamilton place blvd,0,1,20.0,0,1,0,0.0,0.0,35.0511515,-85.188788,4,2018,1,22,12,0
S Kelley St,Chamberlain Ave,0,1,25.0,0,1,0,0.0,0.0,35.08811,-85.071898,4,2018,4,5,12,3
3459 Amnicola Hwy,Lost Mound Drive,1,0,45.0,0,1,0,0.0,0.0,35.083556,-85.263401,1,2019,4,14,21,6
7400 Bonny oaks Dr,Silverdale Rd,0,1,45.0,0,1,0,0.0,0.0,35.062947,-85.137467,4,2018,3,2,9,4
E 11th St,King St,0,0,25.0,0,1,0,0.0,0.0,35.042797,-85.306376,4,2018,5,21,17,0
6925 Shallowford Rd,Center St,0,1,,0,1,0,,1.0,35.044439,-85.160347,1,2021,11,14,1,6
200 Central Ave,E 3rd St,0,1,25.0,0,1,0,0.0,0.0,35.047189,-85.28776,4,2021,11,15,7,0
Broad St at W MLK Blvd,Broad St,0,1,30.0,0,1,0,0.0,0.0,35.04568,-85.31051,0,2021,11,16,21,1
800 N Willow St,2200 Rawlings,0,1,30.0,0,1,0,0.0,0.0,35.044888,-85.266698,1,2021,11,17,17,2
6003 Shallowford Rd,Chapman Rd,0,1,45.0,0,1,0,0.0,0.0,35.054355,-85.188205,0,2021,11,18,4,3
Ashford Dr,Asherton Dr,0,0,25.0,0,1,0,0.0,0.0,35.039968,-85.140047,4,2021,11,20,15,5
2100 Hamilton Place Blvd,Hamilton Place Blvd,0,0,,0,1,0,0.0,0.0,35.034528,-85.158706,4,2021,11,26,17,4
501 Signal Mountain Rd,Signal Mtn Rd,0,0,15.0,0,1,0,0.0,0.0,35.094368,-85.331318,4,2021,11,30,12,1
90 Highway 153,Interstate 75,0,1,55.0,0,1,0,0.0,0.0,35.024637,-85.174285,1,2021,12,1,5,2
2140 E 28th St,4th Ave,0,1,35.0,0,1,0,0.0,0.0,35.011308,-85.283909,0,2021,12,1,0,2
2321 Hickory Valley Rd,Shallowford Rd,0,1,45.0,0,1,0,0.0,0.0,35.048197,-85.165687,4,2021,12,2,9,3
2125 E 25th Street Pl,4th Ave,0,1,30.0,0,1,0,0.0,0.0,35.014278,-85.282031,4,2021,12,2,17,3
2464 Amnicola Hwy,River Terminal Rd,1,1,50.0,0,1,0,1.0,1.0,34.9929235,-85.203119,1,2021,12,7,18,1
W Martin Luther King Blvd,Market St,0,1,35.0,0,1,0,0.0,1.0,35.04576,-85.30965,0,2021,12,10,0,4
509 N Moore Rd,Carolyn Ln,0,1,30.0,0,1,0,0.0,0.0,35.019414,-85.225037,0,2021,12,12,19,6
1910 Wilson St,Roanoke Ave,0,0,35.0,0,1,0,0.0,0.0,35.052034,-85.265102,2,2021,12,16,21,3
2288 Gunbarrel Rd,Commons Blvd,0,0,,0,1,0,0.0,0.0,35.037485,-85.149705,0,2021,12,18,18,5
4903 Brainerd Rd,N Moore Rd,0,1,35.0,0,1,0,0.0,0.0,35.012915,-85.227459,4,2021,12,19,16,6
Gunbarrel Rd,Landress Dr,0,0,35.0,0,1,0,0.0,0.0,35.039946,-85.150198,4,2021,12,20,11,0
1816 Gunbarrel Rd,Gunbarrel Road,0,0,15.0,0,1,0,0.0,0.0,35.024501,-85.155628,0,2022,2,20,18,6
3600 Brainerd Rd,N Germantown Rd.,0,1,30.0,0,1,0,0.0,0.0,35.023643,-85.246419,4,2021,12,27,13,0
404 Tunnel Blvd,Tunnel Blvd,0,1,15.0,0,1,0,,,35.033474,-85.243255,0,2021,12,28,22,1
5300 Brainerd Rd,McBrien Rd,0,1,35.0,0,1,0,0.0,0.0,35.010574,-85.222145,0,2021,12,30,18,3
133 W 38th St,3800 Central Ave,0,1,40.0,4,1,0,0.0,0.0,35.005924,-85.311189,0,2022,1,1,20,5
Lee Hwy,Robin Dr,0,0,45.0,0,1,0,0.0,0.0,35.052277,-85.150786,1,2022,1,1,21,5
1750 Dodds Ave,E 17th St,0,1,35.0,0,1,0,0.0,0.0,35.019628,-85.271072,3,2022,1,5,7,2
Fairfax Dr,Azalean Dr,0,1,30.0,0,1,0,0.0,0.0,35.107105,-85.261742,0,2022,1,5,18,2
Mccallie Ave,Dodson Ave,0,1,35.0,0,1,0,0.0,0.0,35.03097,-85.26135,0,2022,1,6,19,3
5665 Brainerd Road,Old Mission Road,0,1,40.0,0,1,0,0.0,0.0,35.1227964,-85.055304,4,2022,1,10,14,0
490 Greenway View Dr,Skurlock Rd,0,1,,0,1,0,0.0,0.0,35.008709,-85.205213,5,2022,1,12,17,2
9117 E Brainerd Rd,Shallowford Rd,0,0,,0,1,0,,,35.006088,-85.12184,4,2022,1,11,11,1
301 Market St,E 3rd St,0,0,15.0,4,1,0,0.0,0.0,35.066843,-85.271493,0,2022,1,15,21,5
Walnut St,E Aquarium Way,0,0,15.0,0,1,0,0.0,0.0,35.055266,-85.307282,0,2022,1,23,19,6
Hwy 58,Holder Rd,0,1,50.0,0,1,0,0.0,0.0,35.113746,-85.130908,1,2022,1,24,18,0
4211 Hixson Pike,Dupont Pkwy,0,0,40.0,0,1,0,0.0,0.0,35.115523,-85.251968,4,2022,1,25,17,1
2119 E 23rd St,4th Ave,0,1,40.0,0,1,0,0.0,0.0,35.018546,-85.280426,4,2022,1,26,11,2
E Main St,Rossville Ave,0,1,35.0,0,1,0,0.0,0.0,35.035383,-85.305354,4,2022,1,28,14,4
Signal Mountain Rd,Signal Mountain Rd,0,0,15.0,0,1,0,0.0,0.0,35.094368,-85.331318,0,2022,1,31,19,0
101 Glenwood Dr,101 Glenwood Dr,0,1,30.0,0,1,0,0.0,1.0,35.032474,-85.263942,1,2022,2,1,20,1
111 Belvour Ave,Brainerd Rd,0,1,40.0,4,1,0,0.0,0.0,35.016294,-85.241549,4,2022,2,3,11,3
3140 Cummings Hwy,S Moss Ave,0,0,15.0,1,1,0,0.0,0.0,35.019341,-85.369274,4,2022,2,4,16,4
N Market St,W Manning St,0,0,15.0,0,1,0,0.0,0.0,35.065196,-85.308341,4,2022,2,6,16,6
18210 Interstate 24 Wb St,S Crest Rd,0,1,65.0,0,1,0,0.0,0.0,35.020105,-85.266145,4,2022,2,9,16,2
822 Central Avenue,O Neal St,0,1,,0,1,0,0.0,0.0,35.040441,-85.289671,4,2022,2,14,8,0
5756 Highway 153,Grubb Rd,0,0,15.0,0,1,0,0.0,0.0,35.15584,-85.248678,4,2022,2,14,15,0
5100 Highway 153,Hamill rd,0,1,45.0,4,1,0,0.0,1.0,35.121052,-85.237366,6,2022,2,17,0,3
5958 Snow Hill Rd,Lee Highway,0,0,25.0,0,1,0,0.0,0.0,35.090553,-85.064316,4,2022,2,22,16,1
1337 Gunbarrel Rd,Elaine Cir,0,0,30.0,0,1,0,0.0,0.0,35.0811672,-85.26375,1,2022,2,23,19,2
3550 Cummings Hwy,Cummings Hwy,0,1,15.0,4,1,0,0.0,0.0,35.015591,-85.376588,0,2022,2,26,18,5
776 Mountain Creek Rd,Signal Mtn. Rd,0,1,35.0,4,1,0,,,35.09943,-85.327992,0,2022,2,27,4,6
420 West Bell Ave,Chilhowie St,0,0,15.0,0,1,0,0.0,0.0,35.068331,-85.314265,4,2022,3,1,11,1
1500 Market St,E Main,0,1,35.0,0,1,0,0.0,0.0,35.036143,-85.307328,4,2022,3,4,17,4
101 N Howell Ave,Club Dr,0,1,25.0,0,1,0,0.0,0.0,35.013273,-85.224251,1,2022,3,9,18,2
5609 Brainerd Rd,Eastgate Loop,0,0,40.0,0,1,0,0.0,0.0,35.010978,-85.217565,4,2022,3,15,7,1
397 Mcbrien Rd,S Terrace,0,1,30.0,4,1,0,0.0,0.0,35.004589,-85.22746,0,2022,3,15,20,1
975 E 3rd St,Central Ave,0,0,,0,1,0,,,35.048368,-85.290591,4,2022,3,14,9,0
231 E Martin Luther King Blvd,231 E Martin Luther King Blvd,0,0,15.0,0,1,0,0.0,0.0,35.045074,-85.305802,4,2022,3,18,16,4
5812 Browntown Rd,Courtney Ln,0,1,40.0,0,1,0,0.0,0.0,35.162694,-85.274201,4,2022,3,19,16,5
250 W 38th St,Kirkland Ave,0,1,30.0,0,1,0,0.0,0.0,35.006293,-85.3128,0,2022,3,19,20,5
100 W Martin Luther King Blvd,Broad St,1,1,25.0,0,1,0,0.0,0.0,35.045743,-85.31002,4,2022,3,24,8,3
5500 - 5699 Lake Resort Dr,Lake Resort Ter,0,1,45.0,0,1,0,,,35.10987,-85.228423,1,2022,3,25,22,4
Brainerd Rd,N Germantown Rd,0,1,40.0,0,1,0,0.0,0.0,35.024821,-85.245567,0,2022,3,28,20,0
2200 Wilcox Blvd,Dodson Ave,0,0,35.0,0,1,0,0.0,0.0,35.052873,-85.260679,3,2022,3,29,7,1
8001 Volkswagen Dr,Bonny oaks dr,0,1,25.0,0,1,0,0.0,0.0,35.07286,-85.1338,0,2022,3,31,21,3
Tyner Rd,Lee Hwy,0,0,30.0,0,1,0,0.0,0.0,35.056781,-85.140779,4,2022,4,4,8,0
Bonnyshire Dr,Bonny Oaks Dr,0,1,15.0,4,1,0,0.0,0.0,35.069012,-85.165417,4,2022,4,5,11,1
Tremont St,Frazier Ave,0,0,25.0,0,1,0,0.0,0.0,35.061791,-85.304515,4,2022,4,7,13,3
1601 Market St,Main st,0,1,30.0,0,1,0,0.0,0.0,35.036004,-85.307644,4,2022,4,7,17,3
W 38th St,Highland Ave,0,1,25.0,0,1,0,0.0,1.0,35.006743,-85.313989,4,2022,4,12,16,1
Mccallie Ave,Douglas St,0,1,25.0,0,1,0,0.0,0.0,35.04562,-85.30119,4,2022,4,13,18,2
900 Carter St,E Martin Luther King Blvd,0,1,30.0,0,1,0,0.0,0.0,35.045668,-85.311653,4,2022,4,25,17,0
900 Manufacturers Rd,Hamm Rd,0,1,,0,1,0,1.0,0.0,35.05884,-85.327645,4,2022,4,27,10,2
Rossville Blvd,E 32nd St,0,1,40.0,0,1,0,0.0,0.0,35.007069,-85.293833,4,2022,4,27,12,2
Market St,W 14th St,0,1,20.0,0,1,0,0.0,0.0,35.038499,-85.307481,5,2022,4,27,18,2
500 River St,River St,0,1,25.0,0,1,0,,,35.060029,-85.304211,0,2022,4,30,4,5
153 Hwy,Northpoint Blvd,0,1,45.0,0,1,0,0.0,0.0,35.138164,-85.24936,4,2022,5,4,16,2
1200 Grove St,Grove Street Ct,0,0,15.0,0,1,0,0.0,0.0,35.043761,-85.317968,4,2022,5,5,12,3
Shallowford Rd,Chapman Rd,0,0,,0,1,0,0.0,0.0,35.054355,-85.188205,0,2022,5,5,23,3
2400 Dodson Ave,Daisy St,0,1,30.0,0,1,0,0.0,0.0,35.0816226,-85.263,4,2022,5,10,18,1
Mccallie Ave,Glenwood Dr,0,1,35.0,4,1,0,0.0,1.0,35.031395,-85.261209,0,2022,5,15,2,6
979 E 3rd St,Central Ave,0,1,,0,1,0,0.0,0.0,35.047957,-85.289321,4,2022,5,17,10,1
100 W.38th Street,Central Avenue,0,0,15.0,0,1,0,0.0,0.0,35.0552964,-85.307205,4,2022,5,17,12,1
825 Runyan Dr,Runyan Dr,0,0,15.0,0,1,0,0.0,0.0,35.101694,-85.32129,4,2022,5,17,18,1
Market St,E 10th St,0,1,35.0,0,1,0,0.0,0.0,35.044862,-85.309402,4,2022,5,19,7,3
Sheridan Ave,Portland St,0,0,25.0,0,1,0,0.0,0.0,35.050756,-85.269296,5,2022,5,21,20,5
2360-2399 Westside Dr,15th Ave,0,0,35.0,4,1,0,0.0,0.0,35.012549,-85.272335,0,2022,5,22,23,6
12th Ave/ E 31st St,E 30th St,0,1,25.0,0,1,0,0.0,0.0,35.0434061,-85.306981,4,2022,5,24,17,1
2125 Mccallie Ave,N Willow St,1,1,35.0,0,1,0,0.0,1.0,35.0344504,-85.270852,0,2022,6,5,2,6
1401 N Chamberlain Ave,Balto St,0,1,30.0,0,1,0,0.0,0.0,35.05054,-85.25712,4,2022,6,20,19,0
7200 Shallowford Rd,I 75 NB off ramp,0,1,45.0,0,1,0,0.0,0.0,35.04156,-85.154814,3,2022,6,27,6,0
1420 Dodson Ave,Wilcox Blvd,0,1,35.0,0,1,0,0.0,0.0,35.05297,-85.260301,4,2022,6,28,14,1
De Sales Ave,Glenwood Dr,0,1,15.0,0,1,0,0.0,0.0,35.041707,-85.260666,4,2022,6,29,7,2
3714 Rossville Blvd,Clio Ave,0,0,,0,1,0,0.0,0.0,35.000459,-85.291711,4,2022,7,1,18,4
Falmouth Rd,Lexington St,0,0,15.0,0,1,0,0.0,0.0,35.071073,-85.287125,4,2022,7,5,15,1
Browns Ferry Rd,234 Browns Ferry Rd,0,0,35.0,0,1,0,0.0,0.0,35.028671,-85.362494,4,2022,7,5,16,1
Rossville Blvd,E 40th St,0,1,40.0,0,1,0,0.0,0.0,34.9976519,-85.291118,6,2022,7,8,0,4
Market St,E 4th St,0,0,30.0,0,1,0,0.0,0.0,35.052314,-85.309633,0,2022,7,9,21,5
700 River Terminal Rd,Amnicola Hwy,0,0,15.0,0,1,0,0.0,0.0,35.070607,-85.271318,0,2022,8,4,21,3
1000 Interstate 75 St,900 Interstate 75,0,1,65.0,0,1,0,1.0,1.0,35.078288,-85.095544,0,2022,8,5,3,4
301 Market St,E 3rd Street,0,1,30.0,0,1,0,0.0,0.0,35.05332,-85.309891,4,2022,8,5,10,4
5764 Highway 153,Grubb Rd,0,0,15.0,0,1,0,0.0,0.0,35.152975,-85.24562,4,2022,8,12,15,4
7300 Lee Hwy,Courage Way,0,1,45.0,0,1,0,0.0,1.0,35.052856,-85.148707,1,2022,8,14,22,6
Market St,W 3rd st,0,0,30.0,0,1,0,0.0,0.0,35.05332,-85.309891,4,2022,8,18,9,3
3916 Rossville Blvd,E 40th St,0,1,35.0,0,1,0,0.0,0.0,34.998012,-85.291088,4,2022,8,24,9,2
Houston St,Mccallie Ave,0,0,35.0,0,1,0,,,35.046916,-85.304166,0,2022,8,25,20,3
6900 Shallowford Rd,Lee Hwy,0,0,45.0,0,1,0,0.0,0.0,35.044885,-85.162464,4,2022,8,26,18,4
6th Ave,E 34th St,0,0,25.0,0,1,0,0.0,0.0,35.0456459,-85.301529,4,2022,8,27,10,5
400 Palmetto Street,4th Street,0,0,15.0,0,1,0,0.0,0.0,35.049294,-85.299739,4,2022,8,30,17,1
1899 Riverfront Pkwy,W Main St,0,0,35.0,0,1,0,0.0,0.0,35.037793,-85.320923,4,2022,9,2,16,4
509 E Main St,Adams St,0,1,15.0,0,1,0,0.0,0.0,35.033765,-85.301101,4,2022,9,6,14,1
901 Shallowford Rd,Gillespie Rd,0,0,40.0,0,1,0,0.0,0.0,35.038014,-85.238957,4,2022,9,9,16,4
700 Interstate 75 Southbound,Bonny Oaks,0,1,55.0,0,1,0,,,35.0602946,-85.130719,1,2022,9,16,0,4
W Martin Luther King Blvd,Carter St,0,1,30.0,0,1,0,0.0,0.0,35.045297,-85.312411,0,2022,9,16,23,4
,Market St,1,0,55.0,0,1,0,0.0,1.0,35.025429,-85.302258,1,2022,9,24,0,5
5901 Shallowford Road,Jersey Pike,1,0,35.0,0,1,0,,,35.0236827,-85.158285,6,2022,9,24,0,5
Market St,W 3rd St,0,0,30.0,0,1,0,0.0,0.0,35.053512,-85.309667,4,2022,9,30,17,4
Dodds Ave,E 41st St,0,1,40.0,0,1,0,0.0,1.0,34.9951965,-85.284396,4,2022,10,3,17,0
3569 Brainerd Road,S Germantown Road,0,0,40.0,0,1,0,0.0,0.0,35.024158,-85.246468,0,2022,10,9,20,6
600-799 N Holtzclaw Ave,Cleveland Ave,0,1,45.0,0,1,0,0.0,0.0,35.04654,-85.278419,4,2022,10,12,12,2
5440 Highway 153,Northpoint Blvd,1,0,45.0,0,1,0,,,35.138778,-85.247194,0,2022,10,24,2,0
2337 Mccallie Ave,Lyerly,0,1,30.0,0,1,0,,,35.034586,-85.267198,4,2022,10,24,7,0
801 Oak St,Oak St,0,1,25.0,0,1,0,0.0,0.0,35.044657,-85.295307,0,2022,10,25,20,1
24 Station St,Non intersection,0,0,15.0,0,1,0,,,35.03661,-85.306148,4,2022,10,29,10,5
1 - 13 Frazier Ave,N Market St,0,1,30.0,0,1,0,0.0,0.0,35.062644,-85.308526,0,2022,11,1,19,1
100 Tremont St,Frazier Ave,0,0,25.0,1,1,0,0.0,0.0,35.061791,-85.304515,4,2022,11,7,11,0
Rossville Blvd,E 50th St,0,1,55.0,0,1,0,0.0,0.0,34.9856233,-85.287237,4,2022,11,8,13,1
1030 E 11th St,Central Ave,0,1,30.0,4,1,0,0.0,0.0,35.037635,-85.293588,0,2022,11,15,5,1
4800 Rossville Blvd,E 48th St,0,0,30.0,0,1,0,0.0,0.0,34.9890995,-85.289099,0,2022,11,15,20,1
3709 Cummings Hwy,Birmingham Hwy,0,1,40.0,0,1,0,0.0,0.0,35.018407,-85.379611,0,2022,11,17,3,3
2300 4th Ave,Interstate 24,0,1,35.0,0,1,0,0.0,0.0,35.017689,-85.280427,4,2022,11,18,14,4
2008 Gunbarrel Rd,Lifestyle Way,0,1,35.0,0,1,0,0.0,1.0,35.040787,-85.151908,0,2022,11,21,19,0
S Holtzclaw Ave,E Main St,0,1,35.0,0,1,0,0.0,0.0,35.028961,-85.288147,1,2022,11,24,17,3
3800 Rossville Blvd,E 37th St,0,0,40.0,4,1,0,0.0,0.0,35.000005,-85.291416,0,2022,12,3,5,5
5529 Brainerd Rd,Spring Creek Rd,0,0,15.0,4,1,0,0.0,0.0,35.010735,-85.218195,4,2022,12,3,11,5
2000 S Kelley St,E 23rd Street,0,0,20.0,0,1,0,0.0,0.0,35.019573,-85.278848,0,2022,12,3,18,5
3800 Tennessee Ave,W 37th St,0,1,15.0,4,1,0,0.0,0.0,35.009944,-85.326184,4,2022,12,4,16,6
540 McCallie Ave,Mccallie Ave,0,0,35.0,4,1,0,0.0,0.0,35.0403373,-85.300511,0,2022,12,5,17,0
Broad St,W 4th St,0,1,30.0,4,1,0,0.0,0.0,35.052295,-85.310664,5,2022,12,6,18,1
5730 Brainerd Rd,Debra Rd,0,0,15.0,4,1,0,0.0,0.0,35.011425,-85.213038,0,2022,12,7,18,2
3222 Cummings Highway,S Tulip Avenue,0,0,45.0,4,1,0,0.0,0.0,35.019037,-85.371242,0,2022,12,8,18,3
800 Chestnut St,8th St,0,0,25.0,2,1,0,0.0,0.0,35.047055,-85.311612,0,2022,12,10,0,5
555 Signal Mountain Rd,Signal Mountain Rd,0,1,35.0,0,1,0,0.0,0.0,35.094817,-85.329364,0,2022,12,12,5,0
1800 Farris Rd,Crane Rd,0,0,25.0,0,1,0,0.0,0.0,35.024373,-85.161175,0,2022,12,15,18,3
E 3rd St,Palmetto,0,1,35.0,0,1,0,,,35.0815569,-85.262451,0,2022,12,16,22,4
1001 Broad St,10th St,0,0,30.0,0,1,0,0.0,0.0,35.04436,-85.310763,4,2022,12,22,12,3
2288 Gunbarrel Rd,Gunbarrel Rd,0,0,25.0,0,1,0,0.0,0.0,35.037485,-85.149705,0,2022,12,23,18,4
5928 Hixson Pike,Cassandra Smith Road,0,1,,0,1,0,0.0,0.0,35.147481,-85.20734,4,2022,12,24,12,5
2000 E 23rd St,S Kelly St,0,1,45.0,4,1,0,0.0,1.0,35.018022,-85.280782,0,2023,1,3,19,1
Birmingham Highway,Cummings Road,0,1,45.0,0,1,0,0.0,0.0,35.008334,-85.390573,1,2023,1,4,20,2
670-699 Georgia Ave,Oak St,0,1,30.0,0,1,0,0.0,0.0,35.00457,-85.227469,4,2023,1,9,12,0
2607 Glass St,N Chamberlain Ave,0,1,35.0,0,1,0,0.0,0.0,35.066172,-85.247498,4,2023,1,17,15,1
600 E 10th St,Peeples St,0,1,25.0,4,1,0,0.0,0.0,35.041635,-85.300752,1,2023,1,19,6,3
E 11th St,Market St,0,0,25.0,0,1,0,0.0,0.0,35.0428324,-85.318653,0,2023,1,25,18,2
South Holtzclaw Ave,East Main,0,1,40.0,4,1,0,0.0,0.0,35.029289,-85.288517,5,2023,1,26,5,3
E 3rd St,Glenwood Dr,0,1,40.0,4,1,0,0.0,0.0,35.036828,-85.261088,5,2023,2,2,7,3
1900 Market St,E 20th St,0,1,30.0,0,1,0,0.0,1.0,35.0805729,-85.262169,0,2023,2,3,1,4
1400 Greenwood Rd,Wilcox Blvd,0,1,35.0,0,1,0,0.0,0.0,35.050951,-85.242943,4,2023,2,3,15,4
5723 Hixson Pike,Middle Valley Rd,0,0,15.0,0,1,0,0.0,0.0,35.15194,-85.21814,1,2023,2,4,18,5
1818 Chestnut St,20th Street,0,0,15.0,0,1,0,0.0,1.0,35.03538,-85.31456,0,2023,2,6,0,0
625 Georgia Ave,Lookout St.,0,0,35.0,4,1,0,0.0,0.0,35.049294,-85.306908,0,2023,2,15,19,2
1500 E 23rd St,Watauga St.,0,1,40.0,0,1,0,0.0,0.0,35.0213,-85.289044,4,2023,2,21,13,1
5311 Highway 153,Hixson Pike,0,1,45.0,4,1,0,0.0,1.0,35.128246,-85.243412,0,2023,3,3,6,4
3100 Brainerd Rd,S Seminole Dr,0,1,35.0,0,1,0,0.0,0.0,35.027705,-85.255515,0,2023,3,3,19,4
Riverside Dr,Wilcox Blvd,0,1,50.0,5,1,0,0.0,1.0,35.058124,-85.279715,0,2023,3,3,19,4
2700 E 34th St,Dodds Ave,0,0,15.0,0,1,0,0.0,0.0,35.001316,-85.282145,4,2023,3,6,9,0
Market St,E 20th St,0,1,40.0,0,1,0,0.0,0.0,35.031474,-85.308821,4,2023,3,6,16,0
,Carter St,1,0,55.0,4,1,0,0.0,1.0,35.0328476,-85.318962,0,2023,3,12,3,6
Glenwood Pkwy,Glenwood Dr,0,0,15.0,0,1,0,0.0,0.0,35.03345,-85.261491,4,2023,3,15,20,2
301 Cherokee Blvd,Manufacturers Rd,0,1,35.0,0,1,0,0.0,0.0,35.064434,-85.311825,4,2023,3,21,16,1
24 WB interstate,Cummings Hwy,1,0,55.0,0,1,0,1.0,1.0,35.024104,-85.378093,1,2023,3,24,4,4
1099 Graysville Rd,E Brainerd Rd,0,1,45.0,0,1,0,0.0,0.0,35.003473,-85.149326,0,2023,3,24,20,4
1900 Jenkins Rd,East Brainerd Rd,0,0,45.0,0,1,0,0.0,0.0,35.020936,-85.141252,4,2023,3,27,10,0
7420 Bonny Oaks Dr,Lee Hwy,1,0,45.0,0,1,0,0.0,0.0,35.060924,-85.136539,0,2023,3,29,21,2
300 Frazier Ave,Tremont St,0,0,30.0,0,1,0,0.0,0.0,35.0813533,-85.262324,4,2023,4,4,18,1
1954 Jenkins Rd,Goodwin Rd.,0,0,35.0,0,1,0,0.0,0.0,35.024353,-85.139246,0,2023,4,5,22,2
1944 Northpoint Blvd,Northpoint Blvd,0,0,15.0,1,1,0,0.0,0.0,35.137205,-85.243167,4,2023,4,7,12,4
402 Laverne Dr,Nelson Rd,0,1,15.0,0,1,0,0.0,1.0,35.054227,-85.311035,1,2023,4,9,20,6
7660 Goodwin Rd,1998 Igou Crossing Dr,0,0,15.0,0,1,0,1.0,1.0,35.05095,-85.13302,4,2023,4,10,8,0
2100 Garfield St,N Willow St,0,0,25.0,0,1,0,0.0,0.0,35.040667,-85.268778,4,2023,4,23,12,6
1300 E 3rd St,N Highland Park Ave,0,1,35.0,0,1,0,0.0,0.0,35.043072,-85.279331,4,2023,5,10,9,2
400 N Market St,Parking lot,0,0,,0,1,0,0.0,0.0,35.065196,-85.308341,4,2023,5,12,18,4
7625 Standifer Gap Rd,Walker Rd,0,0,45.0,0,1,0,0.0,0.0,35.02965,-85.148708,2,2023,5,15,21,0
300-398 Mccallie Ave,Houston St,0,0,30.0,0,1,0,0.0,0.0,35.04763,-85.30644,4,2023,5,20,18,5
1600 E 23rd St,S Holly St,0,1,,0,1,0,0.0,0.0,35.020674,-85.288894,4,2023,5,23,12,1
5518 Brainerd Rd,Spring Creek Rd,0,1,40.0,0,1,0,0.0,1.0,35.009528,-85.218556,0,2023,5,24,21,2
3200 Clio Ave,E 32nd St,0,1,30.0,0,1,0,0.0,0.0,35.007748,-85.292197,3,2023,5,25,5,3
865 E 3rd St,Collins St,0,1,30.0,0,1,0,0.0,0.0,35.049753,-85.295057,4,2023,6,2,15,4
6925 Lee Hwy,Park Drive,0,0,20.0,0,1,0,0.0,0.0,35.04384,-85.164693,4,2023,6,2,17,4
,4th Ave,1,0,55.0,0,1,0,0.0,1.0,35.014461,-85.273661,0,2023,6,4,0,6
6101 Lee Hwy,Lee Hwy,0,0,15.0,0,1,0,0.0,0.0,35.030545,-85.189874,4,2023,6,4,18,6
5764 Highway 153,Parking Lot,0,1,15.0,0,1,0,0.0,0.0,35.152975,-85.24562,4,2023,6,6,12,1
5500 Highway 153,Gadd Rd,0,1,25.0,0,1,0,0.0,0.0,35.142401,-85.248276,4,2023,6,7,14,2
4266 Bonny Oaks Dr,S. Access Rd.,0,1,45.0,0,1,0,,,35.080507,-85.214627,0,2023,6,24,21,5
E Main St,S Holtzclaw Ave,0,1,35.0,0,1,0,0.0,0.0,35.028961,-85.288147,3,2023,6,30,6,4
1512 Market Street,East 16th Street,0,0,35.0,0,1,0,0.0,0.0,35.0354593,-85.307463,4,2023,6,30,8,4
7655 E Brainerd Rd,Mackey Branch,0,0,15.0,0,1,0,0.0,0.0,35.011978,-85.156288,4,2023,7,6,18,3
727 E 11th St,Peeples St,1,1,30.0,0,1,0,,,35.040477,-85.299892,4,2023,7,8,11,5
5900 Hwy 58,Congress Ln,0,1,45.0,0,1,0,0.0,0.0,35.0812493,-85.263202,1,2023,7,8,21,5
1966 Northpoint Blvd,1966 Northpoint Blvd,0,1,15.0,0,1,0,0.0,0.0,35.13596,-85.242122,4,2023,7,11,9,1
101 Glenwood Dr,McCallie Ave,0,1,35.0,0,1,0,0.0,0.0,35.032474,-85.263942,4,2023,7,15,6,5
3100 Dodds Ave,East 31st St,0,1,35.0,0,1,0,0.0,1.0,35.005707,-85.278981,4,2023,7,16,13,6
1635 Chestnut St,W Main Street,0,1,,1,1,0,0.0,0.0,35.037013,-85.314404,4,2023,7,22,9,5
1804 Gunbarrel Rd,Crane Rd,0,0,15.0,0,1,0,0.0,0.0,35.023728,-85.158508,4,2023,7,22,16,5
1920 Northpoint Blvd,Northpoint Blvd,0,0,30.0,0,1,0,0.0,0.0,35.138731,-85.245469,4,2023,7,27,10,3
5600 Brainerd Rd,Brainerd Rd,1,1,40.0,0,1,0,0.0,0.0,35.006571,-85.213298,0,2023,7,30,21,6
490 Greenway View Dr,Brainerd Rd,0,1,15.0,0,1,0,0.0,0.0,35.008702,-85.205208,4,2023,8,14,13,0
7000 Hwy 153,Hwy 27 offramp,0,1,45.0,0,1,0,0.0,0.0,35.185302,-85.246471,4,2023,8,19,11,5
727 E 11th St,Peeples Street,0,1,30.0,0,1,0,0.0,0.0,35.040477,-85.299892,4,2023,8,26,13,5
4700 Midland Pike,N Parkdale Ave,0,1,45.0,0,1,0,0.0,0.0,35.02737,-85.224889,4,2023,9,1,12,4
1700 Gunbarrel Rd,Crane Rd,0,1,35.0,0,1,0,0.0,0.0,35.021618,-85.160209,4,2023,9,5,10,1
1300 Central Ave,E 13th St,1,1,55.0,0,1,0,0.0,0.0,35.033943,-85.295302,2,2023,9,8,6,4
311 Broad St,W 3rd St,0,1,30.0,0,1,0,0.0,0.0,35.012954,-85.228277,0,2023,3,4,20,5
