Incident Number,Incident Date,Time Num,Street,Alt Street,City,County,Intersection,Mile Post,Accident Type,Collision Type,Hit and Run,fatal,EMSTransport,Involved Placarded Truck,Posted Speed,Total Vehicles Involved,Weather Code,pedestrian,bicycle,drug,etoh,Latitude,Longitude,Location WKT,Location,Light Condition,year,month,day,hour,day_of_week
23-101216,2023-09-15 23:00:00,23.0,2100 Market St,,Chattanooga,Hamilton,W 21st St,,0,0,1,1,1,0,35.0,1,0,1,0,1.0,1.0,35.030156,-85.308327,POINT (-85.308327 35.030156),"(35.030156, -85.308327)",0,2023,9,15,23,4
23-105265,2023-09-27 05:50:00,6.0,4011 Rossville Blvd,,Chattanooga,Hamilton,E 41st St,,4,0,0,0,1,0,45.0,1,0,1,0,0.0,0.0,34.995172,-85.290933,POINT (-85.290933 34.995172),"(34.995172, -85.290933)",2,2023,9,27,5,2
23-105569,2023-09-27 20:06:00,20.0,E 3rd St,,Chattanooga,Hamilton,N Holtzclaw Ave,,1,0,0,0,1,0,35.0,1,4,1,0,0.0,0.0,35.043663,-85.27972,POINT (-85.27972 35.043663),"(35.043663, -85.279720)",0,2023,9,27,20,2
23-108143,2023-10-04 16:57:00,17.0,Mccallie Ave,,Chattanooga,Hamilton,S Willow St,,1,0,1,0,1,0,35.0,1,0,1,0,0.0,0.0,35.034847,-85.271845,POINT (-85.271845 35.034847),"(35.034847, -85.271845)",4,2023,10,4,16,2
23-108386,2023-10-05 10:55:00,11.0,1000 Baldwin St,,Chattanooga,Hamilton,E 10th St,,4,0,0,0,1,0,15.0,1,0,1,0,0.0,0.0,35.041628,-85.300747,POINT (-85.300747 35.041628),"(35.041628, -85.300747)",4,2023,10,5,10,3
23-112201,2023-10-16 05:20:00,5.5,S Holtzclaw Ave,,Chattanooga,Hamilton,E Main St,,1,0,0,0,1,0,35.0,1,0,1,0,0.0,0.0,35.028961,-85.288147,POINT (-85.288147 35.028961),"(35.028961, -85.288147)",0,2023,10,16,5,0
23-112673,2023-10-17 12:20:00,12.5,200 W MLK Blvd,,Chattanooga,Hamilton,Broad St,,4,0,0,0,1,0,30.0,1,0,1,0,0.0,0.0,35.04574,-85.31046,POINT (-85.31046 35.04574),"(35.045740, -85.310460)",4,2023,10,17,12,1
23-113335,2023-10-19 07:30:00,7.5,S Orchard Knob Ave,,Chattanooga,Hamilton,E Main St,,4,0,1,0,1,0,35.0,1,0,1,0,0.0,0.0,35.026079,-85.280092,POINT (-85.280092 35.026079),"(35.026079, -85.280092)",3,2023,10,19,7,3
23-113822,2023-10-20 13:43:00,13.5,Hixson Pike,,Chattanooga,Hamilton,Northpoint Blvd,,1,0,0,0,1,0,25.0,1,0,1,0,0.0,0.0,35.135654,-85.239321,POINT (-85.239321 35.135654),"(35.135654, -85.239321)",4,2023,10,20,13,4
22-102051,2022-10-28 22:00:00,22.0,421 W 38th St,,Chattanooga,Hamilton,Chandler Ave,,4,0,0,0,1,0,35.0,1,0,1,0,0.0,0.0,35.007086,-85.314865,POINT (-85.314865 35.007086),"(35.0070860, -85.314865)",4,2022,10,28,22,4
23-116563,2023-10-27 23:16:00,23.5,N Orchard Knob Ave,,Chattanooga,Hamilton,E 3rd St,,4,0,1,0,1,0,30.0,1,0,1,0,0.0,0.0,35.040879,-85.27199,POINT (-85.27199 35.040879),"(35.040879, -85.271990)",0,2023,10,27,23,4
23-123345,2023-11-16 16:30:00,16.5,Market St,,Chattanooga,Hamilton,E 11th St,,1,0,0,0,1,0,30.0,1,0,1,0,0.0,0.0,35.043915,-85.30934,POINT (-85.30934 35.043915),"(35.043915, -85.309340)",4,2023,11,16,16,3
23-126498,2023-11-26 14:31:00,14.5,300 W Main St,,Chattanooga,Hamilton,Broad St,,4,0,0,0,1,0,35.0,1,1,1,0,0.0,0.0,35.03752,-85.31113,POINT (-85.31113 35.03752),"(35.037520, -85.311130)",4,2023,11,26,14,6
23-129743,2023-12-05 21:24:00,21.5,7500 Standifer Gap Rd,,Chattanooga,Hamilton,Walker Rd,,1,0,0,0,1,0,45.0,1,0,1,0,0.0,0.0,35.050162,-85.13463,POINT (-85.13463 35.050162),"(35.050162, -85.134630)",1,2023,12,5,21,1
23-131640,2023-12-11 19:37:00,19.5,2017 Gunbarrel Rd,,Chattanooga,Hamilton,Goodwin Rd,,5,0,1,0,1,0,15.0,1,0,1,0,,,34.997952,-85.145693,POINT (-85.145693 34.997952),"(34.997952, -85.145693)",0,2023,12,11,19,0
23-016101,2023-02-14 20:33:00,20.5,18120 Interstate 24 Eastbound,I-24,Chattanooga,Hamilton,Interstate 75,181.2,0,0,0,1,1,0,55.0,1,0,1,0,0.0,0.0,35.015381,-85.276945,POINT (-85.276945 35.015381),"(35.015381, -85.276945)",0,2023,2,14,20,1
23-006357,2023-01-18 20:25:00,20.5,,I-24,Chattanooga,Hamilton,Browns Ferry Rd,177.2,0,0,0,1,1,0,55.0,1,4,1,0,0.0,0.0,35.0186462,-85.331377,POINT (-85.331377 35.0186462),"(35.0186462, -85.331377)",1,2023,1,18,20,2
22-108386,2022-10-04 16:46:00,17.0,7001 Lee Hwy,,Chattanooga,Hamilton,Shallowford Rd,,4,0,0,0,1,0,45.0,1,0,1,0,0.0,0.0,35.04497,-85.16237,POINT (-85.16237 35.04497),"(35.044970, -85.162370)",4,2022,10,4,16,1
23-100056,2023-09-12 20:45:00,21.0,1710 Gunbarrel Rd,,Chattanooga,Hamilton,Ziegler Rd,,5,0,1,0,1,0,,1,0,1,0,0.0,0.0,35.020977,-85.15991,POINT (-85.15991 35.020977),"(35.020977, -85.159910)",0,2023,9,12,20,1
23-009878,2023-01-28 16:02:00,16.0,7630 E Brainerd Rd,,Chattanooga,Hamilton,Mackey Branch Dr,,4,0,0,0,1,0,45.0,1,0,1,0,0.0,0.0,35.011617,-85.157779,POINT (-85.157779 35.011617),"(35.011617, -85.157779)",4,2023,1,28,16,5
23-014850,2023-02-11 00:00:00,,602 Central Ave,,Chattanooga,Hamilton,Vine St,,1,0,1,0,1,0,25.0,1,0,1,0,0.0,1.0,35.043677,-85.289771,POINT (-85.289771 35.043677),"(35.043677, -85.289771)",0,2023,2,11,0,5
22-107804,2022-10-03 06:47:00,7.0,Grubb Rd,,Chattanooga,Hamilton,Highway 153,,1,0,0,0,1,0,35.0,1,0,1,0,0.0,0.0,35.158162,-85.248507,POINT (-85.248507 35.158162),"(35.158162, -85.248507)",1,2022,10,3,6,0
23-085509,2023-08-07 07:24:00,7.5,3126 Alton Park Blvd,,Chattanooga,Hamilton,W 31st St,,4,0,0,0,1,0,15.0,1,0,1,0,0.0,0.0,35.01695,-85.312566,POINT (-85.312566 35.01695),"(35.016950, -85.312566)",4,2023,8,7,7,0
23-005718,2023-01-17 05:18:00,5.5,4101 Jerome Ave,,Chattanooga,Hamilton,E 39th St,,1,0,1,0,1,0,15.0,1,4,1,0,0.0,0.0,34.996963,-85.301073,POINT (-85.301073 34.996963),"(34.996963, -85.301073)",0,2023,1,17,5,1
23-078176,2023-07-20 11:08:00,11.0,7640 E Brainerd Rd,,Chattanooga,Hamilton,E Brainerd Rd,,1,0,0,0,1,0,,1,0,1,0,0.0,0.0,35.011033,-85.15783,POINT (-85.15783 35.011033),"(35.011033, -85.157830)",4,2023,7,20,11,3
23-029768,2023-03-23 12:13:00,12.0,Vine St,,Chattanooga,Hamilton,Houston St,,1,0,0,0,1,0,25.0,1,0,1,0,0.0,0.0,35.049178,-85.302365,POINT (-85.302365 35.049178),"(35.049178, -85.302365)",4,2023,3,23,12,3
23-121422,2023-11-11 00:10:00,24.0,1194 Hooker Rd,,Chattanooga,Hamilton,E 49th St,,4,0,1,0,1,0,30.0,1,4,1,0,0.0,0.0,34.985076,-85.287463,POINT (-85.287463 34.985076),"(34.985076, -85.287463)",1,2023,11,11,0,5
23-083287,2023-08-01 21:35:00,21.5,610 N Moore Rd,,Chattanooga,Hamilton,Ellis Ave,,1,0,0,0,1,0,45.0,1,0,1,0,0.0,0.0,35.020732,-85.223996,POINT (-85.223996 35.020732),"(35.020732, -85.223996)",4,2023,8,1,21,1
23-089584,2023-08-17 03:39:00,3.5,400 Chickamauga Rd,,Chattanooga,Hamilton,Lee hwy,,0,0,0,1,0,0,15.0,1,0,1,0,1.0,1.0,35.021816,-85.19837,POINT (-85.19837 35.021816),"(35.021816, -85.198370)",0,2023,8,17,3,3
18-001119,2018-01-04 14:56:00,15.0,51 W 3rd St,,Chattanooga,Hamilton,Market St,,5,0,0,0,1,0,35.0,1,0,1,0,0.0,0.0,35.106632,-85.279061,POINT (-85.279061 35.106632),"(35.106632, -85.279061)",4,2018,1,4,14,3
23-110280,2023-10-10 18:11:00,18.0,3569 Brainerd Rd,,Chattanooga,Hamilton,N Germantown Rd,,1,0,0,0,1,0,40.0,1,0,1,0,0.0,0.0,35.027555,-85.127268,POINT (-85.127268 35.027555),"(35.027555, -85.127268)",4,2023,10,10,18,1
23-108798,2023-10-06 12:26:00,12.5,4011 Brainerd Rd,SR-4011,Chattanooga,Hamilton,Belvoir Ave,,1,0,0,0,1,0,35.0,1,1,1,0,0.0,1.0,35.018851,-85.238307,POINT (-85.238307 35.018851),"(35.018851, -85.238307)",4,2023,10,6,12,4
23-120068,2023-11-07 13:06:00,13.0,8644 E Brainerd Rd,,Chattanooga,Hamilton,Hurricane Creek Rd,,1,0,0,0,1,0,,1,0,1,0,0.0,0.0,34.999417,-85.133814,POINT (-85.133814 34.999417),"(34.999417, -85.133814)",4,2023,11,7,13,1
23-042975,2023-04-25 09:23:00,9.5,Igou Gap Rd,,Chattanooga,Hamilton,Morris Hill Rd,,4,0,0,0,1,0,25.0,1,0,1,0,0.0,0.0,35.016107,-85.125823,POINT (-85.125823 35.016107),"(35.016107, -85.125823)",4,2023,4,25,9,1
23-107498,2023-10-03 07:16:00,7.5,4417 Highway 58,,Chattanooga,Hamilton,Murray Hills Dr,,4,0,0,0,1,0,40.0,1,0,1,0,0.0,0.0,35.084699,-85.202247,POINT (-85.202247 35.084699),"(35.084699, -85.202247)",0,2023,10,3,7,1
23-109046,2023-10-07 00:33:00,0.5,4900 Bonny Oaks Drive,,Chattanooga,Hamilton,Jersey Pike,,0,0,1,1,0,0,45.0,1,0,1,0,1.0,1.0,35.0817186,-85.262947,POINT (-85.262947 35.0817186),"(35.0817186, -85.262947)",0,2023,10,7,0,5
23-044539,2023-04-29 05:38:00,5.5,8001 Volkswagen Dr,,Chattanooga,Hamilton,Ferdinand Piech Wy,,0,0,0,1,1,0,30.0,1,0,1,0,0.0,0.0,35.087197,-85.134496,POINT (-85.134496 35.087197),"(35.087197, -85.134496)",0,2023,4,29,5,5
23-118129,2023-11-01 16:15:00,16.5,17970 Interstate 24 Wb Rd,,Chattanooga,Hamilton,Interstate 24 Eb,,5,0,0,0,1,0,50.0,1,0,1,0,0.0,0.0,35.024619,-85.300802,POINT (-85.300802 35.024619),"(35.024619, -85.300802)",4,2023,11,1,16,2
23-118217,2023-11-01 20:05:00,20.0,5510 Highway 153,,Chattanooga,Hamilton,Gadd Rd,,0,0,0,1,1,0,45.0,2,0,1,0,0.0,0.0,35.001691,-85.293182,POINT (-85.293182 35.001691),"(35.001691, -85.293182)",4,2023,11,1,20,2
18-010600,2018-02-05 04:36:00,4.5,200 E 38th St,SR-200,Chattanooga,Hamilton,Fagan St,,1,0,1,0,1,0,35.0,1,0,1,0,0.0,0.0,35.004571,-85.308231,POINT (-85.308231 35.004571),"(35.004571, -85.308231)",0,2018,2,5,4,0
18-012198,2018-02-10 13:10:00,13.0,7420 Bonny Oaks Dr,,Chattanooga,Hamilton,Silverdale rd,,4,0,0,0,1,0,15.0,1,4,1,0,0.0,0.0,35.06093,-85.136543,POINT (-85.136543 35.06093),"(35.060930, -85.136543)",4,2018,2,10,13,5
18-017761,2018-02-27 17:50:00,18.0,4902 Jeffery Ln,,Chattanooga,Hamilton,E 49th St,,1,0,1,0,1,0,25.0,1,0,1,0,0.0,0.0,34.9915689,-85.306069,POINT (-85.306069 34.9915689),"(34.9915689, -85.306069)",4,2018,2,27,17,1
18-017777,2018-02-28 10:48:00,11.0,100 N Market St,,Chattanooga,Hamilton,Frazier Ave,,5,0,1,0,1,0,30.0,1,4,1,0,0.0,0.0,35.1817509,-85.219612,POINT (-85.219612 35.1817509),"(35.1817509, -85.219612)",4,2018,2,28,10,2
18-023178,2018-03-16 15:20:00,15.5,2199 Wilder St,,Chattanooga,Hamilton,Dodson Ave,,4,0,0,0,1,0,30.0,1,0,1,0,0.0,0.0,35.0586866,-85.27557,POINT (-85.27557 35.0586866),"(35.0586866, -85.275570)",4,2018,3,16,15,4
18-029117,2018-04-03 13:29:00,13.5,3600 Brainerd Rd,,Chattanooga,Hamilton,N Germantown Rd,,4,0,1,0,1,0,40.0,1,0,1,0,0.0,0.0,35.024158,-85.246468,POINT (-85.246468 35.024158),"(35.024158, -85.246468)",4,2018,4,3,13,1
18-029289,2018-04-03 22:50:00,23.0,2300 4th Ave,SR-11,Chattanooga,Hamilton,4th Ave,,1,0,0,0,1,0,40.0,1,0,1,0,0.0,0.0,35.017935,-85.279681,POINT (-85.279681 35.017935),"(35.017935, -85.279681)",0,2018,4,3,22,1
18-034331,2018-04-18 18:51:00,19.0,2999 Wilcox Blvd,,Chattanooga,Hamilton,Mary Walker Place,,4,0,1,0,1,0,35.0,1,0,1,0,0.0,0.0,35.048746,-85.248374,POINT (-85.248374 35.048746),"(35.048746, -85.248374)",5,2018,4,18,18,2
18-036782,2018-04-26 00:00:00,,E Martin Luther King Blvd,,Chattanooga,Hamilton,Huston St,,1,0,1,0,1,0,25.0,1,0,1,0,0.0,0.0,35.0444207,-85.313301,POINT (-85.313301 35.0444207),"(35.0444207, -85.313301)",0,2018,4,26,0,3
18-041750,2018-05-09 22:10:00,22.0,Houston St,,Chattanooga,Hamilton,E Martin Luther King Blvd,,1,0,1,0,1,0,35.0,1,0,1,0,,1.0,35.044747,-85.305556,POINT (-85.305556 35.044747),"(35.044747, -85.305556)",0,2018,5,9,22,2
18-042526,2018-05-12 01:55:00,2.0,1338 Ely Rd,,Chattanooga,Hamilton,Norcross Rd,,0,0,1,1,1,0,30.0,1,0,1,0,1.0,1.0,35.0679894,-85.308402,POINT (-85.308402 35.0679894),"(35.0679894, -85.308402)",0,2018,5,12,1,5
18-043985,2018-05-16 05:28:00,5.5,3224 Brainerd Rd,,Chattanooga,Hamilton,Brainerd Rd,,1,0,0,0,1,0,35.0,1,0,1,0,0.0,0.0,35.027032,-85.254178,POINT (-85.254178 35.027032),"(35.027032, -85.254178)",1,2018,5,16,5,2
18-048011,2018-05-26 22:04:00,22.0,Hixson Pike,,Chattanooga,Hamilton,Longview Dr,,0,0,0,1,1,0,45.0,1,0,1,0,1.0,1.0,35.1438846,-85.22689,POINT (-85.22689 35.1438846),"(35.1438846, -85.226890)",0,2018,5,26,22,5
18-054915,2018-06-13 22:07:00,22.0,Camden St,,Chattanooga,Hamilton,Dodson Ave,,1,0,1,0,1,0,30.0,1,0,1,0,0.0,0.0,35.054518,-85.260155,POINT (-85.260155 35.054518),"(35.054518, -85.260155)",0,2018,6,13,22,2
18-055432,2018-06-15 10:18:00,10.5,1515 Dodson Ave,,Chattanooga,Hamilton,Camden St,,5,0,0,0,1,0,30.0,1,0,1,0,0.0,0.0,35.054131,-85.2603,POINT (-85.2603 35.054131),"(35.054131, -85.260300)",4,2018,6,15,10,4
18-056991,2018-06-19 12:25:00,12.5,Arbor Ln,,Chattanooga,Hamilton,Eller Rd,,5,0,0,0,1,0,20.0,1,0,1,0,0.0,0.0,35.094641,-85.180832,POINT (-85.180832 35.094641),"(35.094641, -85.180832)",4,2018,6,19,12,1
18-058877,2018-06-24 01:28:00,1.5,5256 Hwy 153,,Chattanooga,Hamilton,Northgate Mall Dr,,0,0,0,1,1,0,45.0,1,0,1,0,0.0,0.0,35.126395,-85.240755,POINT (-85.240755 35.126395),"(35.126395, -85.240755)",1,2018,6,24,1,6
18-061897,2018-07-02 08:05:00,8.0,Bonny Oaks Dr,,Chattanooga,Hamilton,Bonny Oaks Dr,,5,0,0,0,1,0,35.0,1,1,1,0,0.0,0.0,35.073644,-85.19034,POINT (-85.19034 35.073644),"(35.073644, -85.190340)",4,2018,7,2,8,0
18-063390,2018-07-06 01:23:00,1.5,1949 Northpoint Blvd,SR-1900,Chattanooga,Hamilton,Hwy 153,,4,0,1,0,1,0,,1,0,1,0,0.0,0.0,35.139184,-85.241889,POINT (-85.241889 35.139184),"(35.139184, -85.241889)",0,2018,7,6,1,4
18-066485,2018-07-14 15:15:00,15.5,Brainerd Rd,,Chattanooga,Hamilton,N Germantown Rd,,4,0,0,0,1,0,35.0,1,0,1,0,0.0,0.0,35.023689,-85.244503,POINT (-85.244503 35.023689),"(35.023689, -85.244503)",4,2018,7,14,15,5
18-071469,2018-07-28 00:00:00,,300 Highway 153 SB,,Chattanooga,Hamilton,Jersey Pike,,0,0,1,1,0,0,55.0,1,6,1,0,1.0,1.0,35.0336745,-85.180913,POINT (-85.180913 35.0336745),"(35.0336745, -85.180913)",6,2018,7,28,0,5
18-072056,2018-07-29 23:00:00,23.0,4537 Norcross Rd,,Chattanooga,Hamilton,Vanessa Dr,,0,0,1,1,0,0,40.0,1,0,1,0,0.0,0.0,35.133413,-85.255501,POINT (-85.255501 35.133413),"(35.133413, -85.255501)",1,2018,7,29,23,6
18-076736,2018-08-12 00:00:00,,114 Raider Ln,,Chattanooga,Hamilton,Signal Mountain Rd.,,1,0,0,0,1,0,,1,0,1,0,0.0,0.0,35.089254,-85.33089,POINT (-85.33089 35.089254),"(35.089254, -85.330890)",6,2018,8,12,0,6
18-078276,2018-08-16 20:25:00,20.5,Webb Rd,,Chattanooga,Hamilton,Rosalind Ln,,1,0,1,0,1,0,30.0,1,0,1,0,0.0,0.0,35.093622,-85.190694,POINT (-85.190694 35.093622),"(35.093622, -85.190694)",5,2018,8,16,20,3
18-083091,2018-08-30 16:50:00,17.0,3222 Cummings Hwy,US-41,Chattanooga,Hamilton,3200 Cummings Hwy,32.0,5,0,0,0,1,0,15.0,1,0,1,0,0.0,0.0,35.019037,-85.371242,POINT (-85.371242 35.019037),"(35.019037, -85.371242)",4,2018,8,30,16,3
18-085109,2018-09-05 17:27:00,17.5,1300 Poplar St,,Chattanooga,Hamilton,12th St,,4,0,0,0,1,0,25.0,1,0,1,0,0.0,0.0,35.0436476,-85.312249,POINT (-85.312249 35.0436476),"(35.0436476, -85.312249)",4,2018,9,5,17,2
18-089195,2018-09-17 02:30:00,2.5,Gunbarrel Rd,,Chattanooga,Hamilton,Gunbarrel RD,,4,0,0,0,1,0,,1,0,1,0,0.0,0.0,35.03437,-85.151582,POINT (-85.151582 35.03437),"(35.034370, -85.151582)",1,2018,9,17,2,0
18-091946,2018-09-24 20:25:00,20.5,7356 Lee Highway,,Chattanooga,Hamilton,Cedar Creek mobile home park,,0,0,1,1,0,0,45.0,1,4,1,0,0.0,0.0,35.0814356,-85.263616,POINT (-85.263616 35.0814356),"(35.0814356, -85.263616)",0,2018,9,24,20,0
18-092529,2018-09-26 13:00:00,13.0,600 Mccallie Ave,,Chattanooga,Hamilton,Campus Dr,,4,0,0,0,1,0,25.0,1,4,1,0,0.0,0.0,35.045946,-85.301604,POINT (-85.301604 35.045946),"(35.045946, -85.301604)",4,2018,9,26,13,2
18-093037,2018-09-27 20:17:00,20.5,Bonny Oaks Dr,,Chattanooga,Hamilton,Lee Hwy,,4,0,0,0,1,0,40.0,1,4,1,0,0.0,0.0,35.060689,-85.134239,POINT (-85.134239 35.060689),"(35.060689, -85.134239)",0,2018,9,27,20,3
18-093780,2018-09-29 21:20:00,21.5,1800 - 1899 Verona Dr,,Chattanooga,Hamilton,7100 Igou Gap,,5,0,0,0,1,0,30.0,1,0,1,0,0.0,0.0,35.028365,-85.162189,POINT (-85.162189 35.028365),"(35.028365, -85.162189)",0,2018,9,29,21,5
18-095068,2018-10-03 13:57:00,14.0,2000 Milne St,,Chattanooga,Hamilton,Dodson Ave,,4,0,1,0,1,0,25.0,1,0,1,0,0.0,0.0,35.04666,-85.263296,POINT (-85.263296 35.04666),"(35.046660, -85.263296)",4,2018,10,3,13,2
18-098546,2018-10-13 08:18:00,8.5,2700 Broad St,,Chattanooga,Hamilton,W 27th St,,1,0,0,0,1,0,35.0,1,0,1,0,0.0,0.0,35.025278,-85.317391,POINT (-85.317391 35.025278),"(35.025278, -85.317391)",4,2018,10,13,8,5
18-102370,2018-10-23 23:30:00,23.5,4800-4849 Hixson Pike,,Chattanooga,Hamilton,Williams St,,4,0,1,0,1,0,40.0,1,0,1,0,0.0,0.0,35.125416,-85.247475,POINT (-85.247475 35.125416),"(35.125416, -85.247475)",1,2018,10,23,23,1
18-113881,2018-11-26 19:27:00,19.5,7100 Shallowford Rd,,Chattanooga,Hamilton,Shallowford Village Dr,,1,0,0,0,1,0,35.0,1,0,1,0,0.0,0.0,35.043473,-85.158527,POINT (-85.158527 35.043473),"(35.043473, -85.158527)",0,2018,11,26,19,0
18-116929,2018-12-05 14:56:00,15.0,1413 Bailey Ave,,Chattanooga,Hamilton,S Highland Park Ave,,1,0,0,0,1,0,35.0,1,0,1,0,0.0,0.0,35.035704,-85.282778,POINT (-85.282778 35.035704),"(35.035704, -85.282778)",4,2018,12,5,14,2
18-118348,2018-12-09 18:34:00,18.5,5704  Highway 153,SR-153,Chattanooga,Hamilton,Carmack Rd,,1,0,0,0,1,0,45.0,1,0,1,0,0.0,0.0,35.152798,-85.249638,POINT (-85.249638 35.152798),"(35.152798, -85.249638)",1,2018,12,9,18,6
18-121505,2018-12-18 14:56:00,15.0,2400 Wilcox Blvd,,Chattanooga,Hamilton,Wheeler Ave,,1,0,0,0,1,0,35.0,1,0,1,0,0.0,0.0,35.052089,-85.257494,POINT (-85.257494 35.052089),"(35.052089, -85.257494)",4,2018,12,18,14,1
19-002288,2019-01-07 10:48:00,11.0,3440 Wilcox Blvd,,Chattanooga,Hamilton,Tunnel Blvd,,0,0,0,1,0,0,15.0,1,0,1,0,1.0,0.0,35.046965,-85.238216,POINT (-85.238216 35.046965),"(35.046965, -85.238216)",4,2019,1,7,10,0
19-002819,2019-01-08 18:45:00,19.0,2500 E 5th St,,Chattanooga,Hamilton,Kilmer St,,5,0,0,0,1,0,25.0,2,0,1,0,0.0,0.0,35.035507,-85.263648,POINT (-85.263648 35.035507),"(35.035507, -85.263648)",0,2019,1,8,18,1
19-005342,2019-01-16 14:55:00,15.0,700 Mccallie ave,,Chattanooga,Hamilton,Foster St,,4,0,1,0,1,0,25.0,1,0,1,0,0.0,0.0,35.0438652,-85.304042,POINT (-85.304042 35.0438652),"(35.0438652, -85.304042)",4,2019,1,16,14,2
19-008058,2019-01-24 19:01:00,19.0,Gunbarrel Rd,,Chattanooga,Hamilton,Igou Gap Rd,,1,0,0,0,1,0,45.0,1,0,1,0,0.0,0.0,35.010064,-85.241054,POINT (-85.241054 35.010064),"(35.010064, -85.241054)",1,2019,1,24,19,3
19-009918,2019-01-30 19:34:00,19.5,5500 Highway 58,SR-5500,Chattanooga,Hamilton,Hickory Valley Road,,0,0,0,1,0,0,45.0,1,0,1,0,1.0,0.0,35.106856,-85.150596,POINT (-85.150596 35.106856),"(35.106856, -85.150596)",1,2019,1,30,19,2
19-011274,2019-02-03 21:16:00,21.5,5245 Hwy 153,,Chattanooga,Hamilton,153,,5,0,0,0,1,0,45.0,1,0,1,0,0.0,0.0,35.126426,-85.242126,POINT (-85.242126 35.126426),"(35.126426, -85.242126)",1,2019,2,3,21,6
19-011406,2019-02-04 12:25:00,12.5,5500 Highway 153,US-5500,Chattanooga,Hamilton,Gadd Road,,4,0,0,0,1,0,,1,0,1,0,0.0,0.0,35.142401,-85.248276,POINT (-85.248276 35.142401),"(35.142401, -85.248276)",4,2019,2,4,12,0
19-011927,2019-02-05 19:50:00,20.0,2100 Chamberlain Ave,,Chattanooga,Hamilton,S Kelley St,,4,0,1,0,1,0,25.0,1,0,1,0,0.0,0.0,35.032637,-85.271267,POINT (-85.271267 35.032637),"(35.032637, -85.271267)",0,2019,2,5,19,1
19-013051,2019-02-08 19:05:00,19.0,5238 Highway 153,,Chattanooga,Hamilton,Northgate Mall Dr,,1,0,0,0,1,0,45.0,1,0,1,0,0.0,0.0,35.124937,-85.240093,POINT (-85.240093 35.124937),"(35.124937, -85.240093)",1,2019,2,8,19,4
19-015515,2019-02-15 19:25:00,19.5,495 Riverfront Pkwy,,Chattanooga,Hamilton,W Martin Luther King Blvd,,4,0,0,0,1,0,15.0,1,4,1,0,0.0,0.0,35.054018,-85.320627,POINT (-85.320627 35.054018),"(35.054018, -85.320627)",0,2019,2,15,19,4
19-018056,2019-02-23 23:04:00,23.0,2900 Hamill Rd,,Chattanooga,Hamilton,Greenway View Drive,,0,0,1,1,1,0,35.0,1,4,1,0,1.0,1.0,35.129734,-85.21994,POINT (-85.21994 35.129734),"(35.129734, -85.219940)",0,2019,2,23,23,5
19-018071,2019-02-24 01:25:00,1.5,3817 Hixson Pike,SR-3817,Chattanooga,Hamilton,Mauldeth,,1,0,0,0,1,0,40.0,1,4,1,0,0.0,0.0,35.110842,-85.270346,POINT (-85.270346 35.110842),"(35.110842, -85.270346)",1,2019,2,24,1,6
19-023407,2019-03-11 00:00:00,,Hwy 153,,Chattanooga,Hamilton,Hixson Pike,,1,0,1,0,1,0,40.0,1,4,1,0,,,35.1295098,-85.243935,POINT (-85.243935 35.1295098),"(35.1295098, -85.243935)",6,2019,3,11,0,0
19-023822,2019-03-13 08:32:00,8.5,31 Tunnel Blvd,,Chattanooga,Hamilton,Montview Drive,,5,0,0,0,1,0,30.0,1,0,1,0,0.0,0.0,35.027665,-85.248033,POINT (-85.248033 35.027665),"(35.027665, -85.248033)",4,2019,3,13,8,2
19-025508,2019-03-17 21:29:00,21.5,6220 Vance Rd,,Chattanooga,Hamilton,Airways Blvd,,4,0,0,0,1,0,30.0,1,0,1,0,0.0,0.0,35.032936,-85.18724,POINT (-85.18724 35.032936),"(35.032936, -85.187240)",1,2019,3,17,21,6
19-026306,2019-03-20 08:50:00,9.0,600 Chestnut St,,Chattanooga,Hamilton,Non intersection,,1,0,0,0,1,0,15.0,1,0,1,0,0.0,0.0,35.049623,-85.311696,POINT (-85.311696 35.049623),"(35.049623, -85.311696)",4,2019,3,20,8,2
19-027827,2019-03-24 17:15:00,17.5,3227 7th Ave,,Chattanooga,Hamilton,7th Ave,,5,0,0,0,1,0,35.0,1,0,1,0,0.0,0.0,35.003877,-85.283758,POINT (-85.283758 35.003877),"(35.003877, -85.283758)",4,2019,3,24,17,6
19-028248,2019-03-25 20:40:00,20.5,Cummings Hwy,SR-3550,Chattanooga,Hamilton,Hemlock Cir,,5,0,0,0,1,0,15.0,1,4,1,0,0.0,0.0,35.01654,-85.377148,POINT (-85.377148 35.01654),"(35.016540, -85.377148)",0,2019,3,25,20,0
19-030455,2019-04-01 01:25:00,1.5,3100 Rossville Blvd,SR-1,Chattanooga,Hamilton,E 31st,,1,0,0,0,1,0,40.0,1,0,1,0,0.0,1.0,35.008603,-85.292886,POINT (-85.292886 35.008603),"(35.008603, -85.292886)",0,2019,4,1,1,0
19-030883,2019-04-02 08:35:00,8.5,4816 Hixson Pike,,Chattanooga,Hamilton,Williams Rd,,5,0,0,0,1,0,40.0,1,0,1,0,0.0,0.0,35.126591,-85.246563,POINT (-85.246563 35.126591),"(35.126591, -85.246563)",4,2019,4,2,8,1
19-033780,2019-04-10 10:45:00,11.0,300 Manufacturers Rd,,Chattanooga,Hamilton,Cherokee Blvd,,1,0,0,0,1,0,15.0,1,0,1,0,0.0,0.0,35.06339,-85.31415,POINT (-85.31415 35.06339),"(35.063390, -85.314150)",4,2019,4,10,10,2
19-034013,2019-04-10 20:00:00,20.0,1416 Cypress Street Ct,SR-1416,Chattanooga,Hamilton,W Main St,,1,0,1,0,1,0,15.0,1,0,1,0,0.0,0.0,35.041002,-85.318266,POINT (-85.318266 35.041002),"(35.041002, -85.318266)",4,2019,4,10,20,2
19-036604,2019-04-17 17:14:00,17.0,E Martin Luther King Blvd,,Chattanooga,Hamilton,Peeples St,,1,0,0,0,1,0,30.0,1,0,1,0,0.0,0.0,35.042295,-85.298807,POINT (-85.298807 35.042295),"(35.042295, -85.298807)",4,2019,4,17,17,2
19-036825,2019-04-18 09:55:00,10.0,Market St,,Chattanooga,Hamilton,E 10th St,,1,0,0,0,1,0,25.0,1,0,1,0,0.0,0.0,35.044862,-85.309402,POINT (-85.309402 35.044862),"(35.044862, -85.309402)",4,2019,4,18,9,3
19-037042,2019-04-18 19:00:00,19.0,Dodson Ave,SR-911,Chattanooga,Hamilton,Rawlings St,,1,0,1,0,1,0,40.0,1,0,1,0,0.0,0.0,35.046597,-85.263677,POINT (-85.263677 35.046597),"(35.046597, -85.263677)",0,2019,4,18,19,3
19-043063,2019-05-04 23:30:00,23.5,2500 4th Ave,,Chattanooga,Hamilton,E 25th St,,1,0,1,0,1,0,30.0,1,6,1,0,,,35.014365,-85.281598,POINT (-85.281598 35.014365),"(35.014365, -85.281598)",6,2019,5,4,23,5
19-044169,2019-05-08 14:40:00,14.5,5110 Hixson Pike,,Chattanooga,Hamilton,North Point Blvd,,4,0,0,0,1,0,40.0,1,0,1,0,0.0,0.0,35.135988,-85.238801,POINT (-85.238801 35.135988),"(35.135988, -85.238801)",4,2019,5,8,14,2
19-045889,2019-05-13 06:09:00,6.0,E 42nd St,,Chattanooga,Hamilton,Dorris St,,4,0,1,0,1,0,15.0,1,0,1,0,,,35.001651,-85.311095,POINT (-85.311095 35.001651),"(35.001651, -85.311095)",3,2019,5,13,6,0
19-051674,2019-05-28 16:11:00,16.0,E Main St,,Chattanooga,Hamilton,S Holtzclaw Ave,,5,0,0,0,1,0,35.0,1,0,1,0,0.0,0.0,35.028961,-85.288147,POINT (-85.288147 35.028961),"(35.028961, -85.288147)",4,2019,5,28,16,1
19-056824,2019-06-11 12:45:00,13.0,1538 Lillian Ln,,Chattanooga,Hamilton,Wilcox Blvd,,1,0,0,0,1,0,25.0,1,0,1,0,0.0,0.0,35.046372,-85.235016,POINT (-85.235016 35.046372),"(35.046372, -85.235016)",4,2019,6,11,12,1
19-059891,2019-06-20 01:25:00,1.5,Rossville Blvd,SR-4000,Chattanooga,Hamilton,E 40th St,,5,0,0,0,1,0,40.0,1,0,1,0,0.0,0.0,34.997339,-85.291703,POINT (-85.291703 34.997339),"(34.997339, -85.291703)",1,2019,6,20,1,3
19-063597,2019-06-29 13:50:00,14.0,8164 E Brainerd Rd,,Chattanooga,Hamilton,E Brainered Rd,,1,0,0,0,1,0,15.0,1,0,1,0,0.0,0.0,35.002514,-85.147593,POINT (-85.147593 35.002514),"(35.002514, -85.147593)",4,2019,6,29,13,5
19-067122,2019-07-09 06:50:00,7.0,1255 Central Ave,,Chattanooga,Hamilton,E 13th St,,1,0,1,0,1,0,35.0,1,0,1,0,0.0,0.0,35.034534,-85.295368,POINT (-85.295368 35.034534),"(35.034534, -85.295368)",4,2019,7,9,6,1
19-076880,2019-08-04 21:05:00,21.0,1816 Dodds Ave,SR-1,Chattanooga,Hamilton,18016 Dodds Ave,1.0,1,0,1,0,1,0,35.0,1,0,1,0,0.0,0.0,35.019143,-85.2716,POINT (-85.2716 35.019143),"(35.019143, -85.271600)",0,2019,8,4,21,6
19-076980,2019-08-05 06:40:00,6.5,975 E 3rd St,,Chattanooga,Hamilton,E 3rd St,,1,0,0,0,1,0,25.0,1,0,1,0,0.0,0.0,35.0407327,-85.299871,POINT (-85.299871 35.0407327),"(35.0407327, -85.299871)",4,2019,8,5,6,0
19-082739,2019-08-20 07:45:00,8.0,1000 Hixson Pike,US-1000,Chattanooga,Hamilton,Tremont Street,,4,0,0,0,1,0,35.0,1,0,1,0,0.0,0.0,35.069184,-85.28933,POINT (-85.28933 35.069184),"(35.069184, -85.289330)",4,2019,8,20,7,1
19-084734,2019-08-25 02:30:00,2.5,7099 Highway 153,US-153,Chattanooga,Hamilton,Boy Scout Rd,,1,0,0,0,1,0,50.0,1,0,1,0,0.0,0.0,35.187101,-85.246378,POINT (-85.246378 35.187101),"(35.187101, -85.246378)",1,2019,8,25,2,6
19-085058,2019-08-26 00:59:00,1.0,4535 Highway 58,US-58,Chattanooga,Hamilton,Rocky River Rd,,5,0,0,0,1,0,40.0,1,0,1,0,0.0,0.0,35.085699,-85.194881,POINT (-85.194881 35.085699),"(35.085699, -85.194881)",1,2019,8,26,0,0
19-089265,2019-09-05 23:00:00,23.0,2600 4th Ave,,Chattanooga,Hamilton,E 25th St Pl,,1,0,0,0,1,0,35.0,1,0,1,0,0.0,0.0,35.015848,-85.280595,POINT (-85.280595 35.015848),"(35.015848, -85.280595)",0,2019,9,5,23,3
19-092746,2019-09-14 21:45:00,22.0,18100 Interstate 24 Wb Hwy,I-24,Chattanooga,Hamilton,4th Ave,181.0,1,0,1,0,1,0,55.0,1,0,1,0,0.0,1.0,35.016831,-85.281292,POINT (-85.281292 35.016831),"(35.016831, -85.281292)",0,2019,9,14,21,5
19-097945,2019-09-28 16:13:00,16.0,W Aquarium Way,,Chattanooga,Hamilton,Walnut St,,1,0,0,0,1,0,25.0,1,0,1,0,0.0,0.0,35.055266,-85.307282,POINT (-85.307282 35.055266),"(35.055266, -85.307282)",4,2019,9,28,16,5
19-098456,2019-09-29 22:45:00,23.0,409 Veterans Way,,Chattanooga,Hamilton,N Sylvan Ave,,5,0,1,0,1,0,15.0,1,0,1,0,0.0,0.0,35.035578,-85.230847,POINT (-85.230847 35.035578),"(35.035578, -85.230847)",1,2019,9,29,22,6
19-103122,2019-10-11 21:38:00,21.5,1428 Jenkins Rd,,Chattanooga,Hamilton,Cleveland Ave,,1,0,1,0,1,0,45.0,1,0,1,0,0.0,0.0,34.993964,-85.289371,POINT (-85.289371 34.993964),"(34.993964, -85.289371)",1,2019,10,11,21,4
19-103324,2019-10-12 13:40:00,13.5,S Lyerly St,SR-0,Chattanooga,Hamilton,Bailey Ave,0.0,1,0,0,0,1,0,35.0,1,0,1,0,,,35.030994,-85.270124,POINT (-85.270124 35.030994),"(35.030994, -85.270124)",4,2019,10,12,13,5
19-108747,2019-10-27 13:27:00,13.5,652 E 10th St,,Chattanooga,Hamilton,Peeples St,,1,0,0,0,1,0,30.0,1,1,1,0,0.0,0.0,35.040827,-85.299219,POINT (-85.299219 35.040827),"(35.040827, -85.299219)",4,2019,10,27,13,6
19-109602,2019-10-29 20:39:00,20.5,2109 Morris Hill Rd,,Chattanooga,Hamilton,Belleau Woods Dr,,5,0,0,0,1,0,15.0,1,0,1,0,1.0,1.0,35.02297,-85.12391,POINT (-85.12391 35.02297),"(35.022970, -85.123910)",1,2019,10,29,20,1
19-114736,2019-11-13 09:00:00,9.0,1201 Boynton Dr,,Chattanooga,Hamilton,Gateway Ave,,4,0,0,0,1,0,,1,0,1,0,0.0,0.0,35.045229,-85.32022,POINT (-85.32022 35.045229),"(35.045229, -85.320220)",4,2019,11,13,9,2
19-114812,2019-11-13 12:13:00,12.0,143 N Market St,,Chattanooga,Hamilton,N Market St,,5,0,0,0,1,0,30.0,1,0,1,0,0.0,0.0,35.063047,-85.30872,POINT (-85.30872 35.063047),"(35.063047, -85.308720)",4,2019,11,13,12,2
19-117712,2019-11-21 19:25:00,19.5,2100 Mccallie Ave,,Chattanooga,Hamilton,South Willow St,,0,0,0,1,1,0,35.0,1,0,1,0,0.0,0.0,35.034853,-85.27185,POINT (-85.27185 35.034853),"(35.034853, -85.271850)",0,2019,11,21,19,3
19-118070,2019-11-22 17:55:00,18.0,1300 Workman Rd,,Chattanooga,Hamilton,Rossville Blvd.,,4,0,0,0,1,0,35.0,1,4,1,0,0.0,0.0,35.0129085,-85.228032,POINT (-85.228032 35.0129085),"(35.0129085, -85.228032)",1,2019,11,22,17,4
19-118652,2019-11-24 13:26:00,13.5,5972 Brainerd Rd,,Chattanooga,Hamilton,Brainerd Rd,,4,0,0,0,1,0,45.0,2,0,1,0,0.0,0.0,35.016971,-85.206001,POINT (-85.206001 35.016971),"(35.016971, -85.206001)",4,2019,11,24,13,6
19-119769,2019-11-27 16:40:00,16.5,Georgia Ave,,Chattanooga,Hamilton,E 5th St,,1,0,0,0,1,0,25.0,1,0,1,0,0.0,0.0,35.040699,-85.300804,POINT (-85.300804 35.040699),"(35.040699, -85.300804)",4,2019,11,27,16,2
19-121866,2019-12-04 08:45:00,9.0,3300 Alton Park Blvd,,Chattanooga,Hamilton,West 33rd Street,,1,0,0,0,1,0,35.0,1,3,1,0,0.0,0.0,35.053737,-85.353159,POINT (-85.353159 35.053737),"(35.053737, -85.353159)",4,2019,12,4,8,2
19-122129,2019-12-04 20:05:00,20.0,,I-75,Chattanooga,Hamilton,East Brainerd Rd,,0,0,0,1,1,0,55.0,1,0,1,0,0.0,0.0,35.027319,-85.17255,POINT (-85.17255 35.027319),"(35.027319, -85.172550)",1,2019,12,4,20,2
19-127235,2019-12-19 12:51:00,13.0,7477 Commons Blvd,,Chattanooga,Hamilton,Commons Blvd,,1,0,0,0,1,0,,1,0,1,0,0.0,0.0,35.033141,-85.145593,POINT (-85.145593 35.033141),"(35.033141, -85.145593)",4,2019,12,19,12,3
19-127760,2019-12-20 18:00:00,18.0,3500 Rossville Blvd,,Chattanooga,Hamilton,E 35th St,,5,0,1,0,1,0,40.0,1,0,1,0,0.0,0.0,35.003278,-85.292176,POINT (-85.292176 35.003278),"(35.003278, -85.292176)",0,2019,12,20,18,4
19-128527,2019-12-23 07:18:00,7.5,5440 Highway 153,US-153,Chattanooga,Hamilton,North Point Blvd,,0,0,0,1,0,0,45.0,1,4,1,0,0.0,0.0,35.138778,-85.247194,POINT (-85.247194 35.138778),"(35.138778, -85.247194)",1,2019,12,23,7,0
19-130063,2019-12-27 18:13:00,18.0,904 N Orchard Knob Ave,,Chattanooga,Hamilton,Rawlings St,,1,0,0,0,1,0,35.0,1,0,1,0,0.0,0.0,35.047855,-85.268016,POINT (-85.268016 35.047855),"(35.047855, -85.268016)",2,2019,12,27,18,4
20-005045,2020-01-14 21:53:00,22.0,3300 Rossville Blvd,,Chattanooga,Hamilton,33rd St,,5,0,0,0,1,0,40.0,1,0,1,0,0.0,0.0,35.005972,-85.29307,POINT (-85.29307 35.005972),"(35.005972, -85.293070)",0,2020,1,14,21,1
20-007710,2020-01-22 15:15:00,15.5,1330 E 3rd St,,Chattanooga,Hamilton,Holtzlcaw Ave,,1,0,0,0,1,0,35.0,1,0,1,0,0.0,0.0,35.043072,-85.279331,POINT (-85.279331 35.043072),"(35.043072, -85.279331)",4,2020,1,22,15,2
20-009487,2020-01-27 18:35:00,18.5,7987 E Brainerd Rd,,Chattanooga,Hamilton,Thelmeta Ave,,5,0,0,0,1,0,40.0,1,0,1,0,0.0,0.0,35.005196,-85.151676,POINT (-85.151676 35.005196),"(35.005196, -85.151676)",0,2020,1,27,18,0
20-012270,2020-02-04 16:41:00,16.5,3100 Cummings Hwy,,Chattanooga,Hamilton,Aster Ave,,4,0,0,0,1,0,45.0,1,0,1,0,0.0,0.0,35.0373424,-85.317313,POINT (-85.317313 35.0373424),"(35.0373424, -85.317313)",4,2020,2,4,16,1
20-019660,2020-02-25 20:25:00,20.5,4211 Rossville Blvd,,Chattanooga,Hamilton,E 43rd St,,0,0,0,1,1,0,40.0,1,0,1,0,1.0,1.0,34.994056,-85.291635,POINT (-85.291635 34.994056),"(34.994056, -85.291635)",0,2020,2,25,20,1
20-023810,2020-03-08 14:32:00,14.5,1901 E 3RD ST,,Chattanooga,Hamilton,N Orchard Knob,,1,0,1,0,1,0,35.0,1,0,1,0,0.0,0.0,35.040848,-85.271906,POINT (-85.271906 35.040848),"(35.040848, -85.271906)",4,2020,3,8,14,6
20-024194,2020-03-09 16:27:00,16.5,3600 Brainerd Rd,,Chattanooga,Hamilton,McBrien Rd.,,5,0,0,0,1,0,35.0,1,0,1,0,0.0,0.0,34.9949758,-85.3385,POINT (-85.3385 34.9949758),"(34.9949758, -85.338500)",4,2020,3,9,16,0
20-025159,2020-03-12 07:27:00,7.5,2-8 Exit 181 On Ramp Wb rd,I-24,Chattanooga,Hamilton,4th Ave,,1,0,0,0,1,0,45.0,1,4,1,0,0.0,0.0,35.01715,-85.28045,POINT (-85.28045 35.01715),"(35.017150, -85.280450)",0,2020,3,12,7,3
20-025299,2020-03-12 15:36:00,15.5,3536 Brainerd Rd,,Chattanooga,Hamilton,N Germantown Rd,,1,0,0,0,1,0,45.0,1,0,1,0,0.0,0.0,35.024755,-85.247548,POINT (-85.247548 35.024755),"(35.024755, -85.247548)",4,2020,3,12,15,3
20-027765,2020-03-19 07:00:00,7.0,S Germantown Rd,,Chattanooga,Hamilton,Wilcox Blvd,,1,0,1,0,1,0,35.0,1,0,1,0,,,35.051577,-85.253371,POINT (-85.253371 35.051577),"(35.051577, -85.253371)",3,2020,3,19,7,3
20-028919,2020-03-22 23:30:00,23.5,3450 Wilcox Blvd,US-12,Chattanooga,Hamilton,Wilcox Blvd,11.0,1,0,0,0,1,0,35.0,1,0,1,0,0.0,0.0,35.047062,-85.237198,POINT (-85.237198 35.047062),"(35.047062, -85.237198)",0,2020,3,22,23,6
20-033697,2020-04-05 20:35:00,20.5,1505 Mulberry St,,Chattanooga,Hamilton,E Main St,,1,0,0,0,1,0,15.0,1,0,1,0,0.0,0.0,35.025113,-85.278727,POINT (-85.278727 35.025113),"(35.025113, -85.278727)",0,2020,4,5,20,6
20-034662,2020-04-08 19:45:00,20.0,E 36th street,,Chattanooga,Hamilton,3rd avenue,,0,0,1,1,1,0,35.0,1,0,1,0,0.0,0.0,35.002497,-85.289383,POINT (-85.289383 35.002497),"(35.002497, -85.289383)",5,2020,4,8,19,2
20-041352,2020-04-29 08:40:00,8.5,959 Gateway Ave,,Chattanooga,Hamilton,959 Gateway Ave,,4,0,1,0,1,0,,1,0,1,0,0.0,0.0,35.045229,-85.32022,POINT (-85.32022 35.045229),"(35.045229, -85.320220)",4,2020,4,29,8,2
20-042600,2020-05-02 22:20:00,22.5,7748 Nautical Way,,Chattanooga,Hamilton,Holiday Hills Cir,,1,0,1,0,1,0,35.0,1,0,1,0,0.0,,35.080442,-85.16802,POINT (-85.16802 35.080442),"(35.080442, -85.168020)",1,2020,5,2,22,5
20-048016,2020-05-17 22:40:00,22.5,4th Ave,,Chattanooga,Hamilton,E 25th St,,5,0,1,0,1,0,35.0,1,0,1,0,0.0,0.0,35.015081,-85.281591,POINT (-85.281591 35.015081),"(35.015081, -85.281591)",0,2020,5,17,22,6
20-048502,2020-05-19 09:01:00,9.0,1100 E 3rd St,,Chattanooga,Hamilton,Central Ave,,4,0,0,0,1,0,30.0,1,0,1,0,0.0,0.0,35.046017,-85.288095,POINT (-85.288095 35.046017),"(35.046017, -85.288095)",4,2020,5,19,9,1
20-056719,2020-06-10 20:00:00,20.0,1426 Stratton Place Dr,,Chattanooga,Hamilton,E Brainerd Rd,,1,0,0,0,1,0,15.0,1,0,1,0,0.0,0.0,35.011049,-85.160485,POINT (-85.160485 35.011049),"(35.011049, -85.160485)",4,2020,6,10,20,2
20-058838,2020-06-16 16:00:00,16.0,3409 Clio Ave Private property,,Chattanooga,Hamilton,Private Property Driveway,,1,0,0,0,1,0,15.0,1,0,1,0,0.0,0.0,35.005409,-85.291976,POINT (-85.291976 35.005409),"(35.005409, -85.291976)",4,2020,6,16,16,1
20-059288,2020-06-17 21:38:00,21.5,2285 Wilcox Blvd,,Chattanooga,Hamilton,Dodson Ave,,5,0,1,0,1,0,15.0,1,4,1,0,0.0,0.0,35.053263,-85.260921,POINT (-85.260921 35.053263),"(35.053263, -85.260921)",0,2020,6,17,21,2
20-066160,2020-07-05 21:53:00,22.0,2909 Noa St,,Chattanooga,Hamilton,Stuart St,,5,0,1,0,1,0,25.0,1,0,1,0,0.0,1.0,35.069598,-85.245405,POINT (-85.245405 35.069598),"(35.069598, -85.245405)",0,2020,7,5,21,6
20-070750,2020-07-17 21:30:00,21.5,8001 Volkswagen Dr,,Chattanooga,Hamilton,Gate 9A Rd,,1,0,0,0,1,0,35.0,1,0,1,0,0.0,0.0,35.080045,-85.132664,POINT (-85.132664 35.080045),"(35.080045, -85.132664)",1,2020,7,17,21,4
20-072098,2020-07-21 11:45:00,12.0,2001 E 23rd St,,Chattanooga,Hamilton,S. Orchard Knob Ave,,4,0,0,0,1,0,40.0,2,0,1,0,0.0,0.0,35.019679,-85.282975,POINT (-85.282975 35.019679),"(35.019679, -85.282975)",4,2020,7,21,11,1
20-078887,2020-08-07 19:04:00,19.0,E 11th St,SR-727,Chattanooga,Hamilton,Peeples St,,1,0,0,0,1,0,25.0,1,0,1,0,0.0,1.0,35.040477,-85.299892,POINT (-85.299892 35.040477),"(35.040477, -85.299892)",4,2020,8,7,19,4
20-089148,2020-09-03 22:24:00,22.5,Long St,,Chattanooga,Hamilton,W 26th St,,4,0,0,0,1,0,15.0,1,0,1,0,0.0,1.0,35.024836,-85.314417,POINT (-85.314417 35.024836),"(35.024836, -85.314417)",0,2020,9,3,22,3
20-089911,2020-09-05 20:49:00,21.0,5400 Brainerd Rd,,Chattanooga,Hamilton,Pisgah Ave,,4,0,0,0,1,0,40.0,1,0,1,0,0.0,0.0,35.01038,-85.22103,POINT (-85.22103 35.01038),"(35.010380, -85.221030)",0,2020,9,5,20,5
20-091001,2020-09-08 16:37:00,16.5,1020 N Moore Rd,,Chattanooga,Hamilton,Belle Vista,,5,0,0,0,1,0,35.0,1,0,1,0,0.0,0.0,35.027863,-85.21911,POINT (-85.21911 35.027863),"(35.027863, -85.219110)",4,2020,9,8,16,1
20-093322,2020-09-14 18:25:00,18.5,400 N. Holtzclaw Ave,,Chattanooga,Hamilton,East 3rd St.,,1,0,0,0,1,0,40.0,1,0,1,0,0.0,0.0,35.044604,-85.281959,POINT (-85.281959 35.044604),"(35.044604, -85.281959)",5,2020,9,14,18,0
20-095018,2020-09-19 10:00:00,10.0,9200 Lee Hwy,,Chattanooga,Hamilton,Artesian circle,,4,0,0,0,1,0,35.0,1,1,1,0,0.0,0.0,35.08452,-85.06383,POINT (-85.06383 35.08452),"(35.084520, -85.063830)",4,2020,9,19,10,5
20-095146,2020-09-19 17:09:00,17.0,3614 Wilcox Blvd,,Chattanooga,Hamilton,Dogwood Dr,,1,0,0,0,1,0,30.0,1,0,1,0,0.0,0.0,35.045763,-85.233416,POINT (-85.233416 35.045763),"(35.045763, -85.233416)",4,2020,9,19,17,5
20-102319,2020-10-08 22:34:00,22.5,9050-9198 Lee Hwy,,Chattanooga,Hamilton,Little Debbie Pkwy,,5,0,0,0,1,0,40.0,1,0,1,0,0.0,0.0,35.08456,-85.06419,POINT (-85.06419 35.08456),"(35.084560, -85.064190)",1,2020,10,8,22,3
20-102975,2020-10-10 19:18:00,19.5,W Aquarium Way,,Chattanooga,Hamilton,Chestnut St,,1,0,0,0,1,0,15.0,1,4,1,0,0.0,0.0,35.054733,-85.311857,POINT (-85.311857 35.054733),"(35.054733, -85.311857)",0,2020,10,10,19,5
20-104103,2020-10-13 19:52:00,20.0,4903 Brainerd Rd,,Chattanooga,Hamilton,N Moore Rd,,5,0,0,0,1,0,35.0,1,0,1,0,0.0,1.0,35.012915,-85.227459,POINT (-85.227459 35.012915),"(35.012915, -85.227459)",0,2020,10,13,19,1
20-106163,2020-10-19 14:35:00,14.5,4216 Midland Pike,SR-4216,Chattanooga,Hamilton,Talley Road,,1,0,0,0,1,0,30.0,1,0,1,0,0.0,0.0,35.0514,-85.2804,POINT (-85.2804 35.0514),"(35.05140, -85.28040)",4,2020,10,19,14,0
20-106494,2020-10-20 10:25:00,10.5,3330 Hixson Pike,,Chattanooga,Hamilton,Carter Dr,,4,0,1,0,1,0,40.0,1,0,1,0,0.0,0.0,35.101874,-85.274186,POINT (-85.274186 35.101874),"(35.101874, -85.274186)",4,2020,10,20,10,1
20-107428,2020-10-22 20:00:00,20.0,Cooley St,,Chattanooga,Hamilton,N Willow St,,5,0,0,0,1,0,25.0,1,0,1,0,0.0,0.0,35.052261,-85.265688,POINT (-85.265688 35.052261),"(35.052261, -85.265688)",5,2020,10,22,20,3
20-107955,2020-10-24 07:00:00,7.0,Lee Hwy,,Chattanooga,Hamilton,Tyner Rd,,4,0,0,0,1,0,45.0,1,1,1,0,0.0,0.0,35.055087,-85.143332,POINT (-85.143332 35.055087),"(35.055087, -85.143332)",4,2020,10,24,7,5
20-108879,2020-10-26 17:15:00,17.5,7205 Aventine Way,,Chattanooga,Hamilton,E Brainerd,,4,0,0,0,1,0,15.0,1,0,1,0,0.0,0.0,35.016396,-85.168561,POINT (-85.168561 35.016396),"(35.016396, -85.168561)",4,2020,10,26,17,0
20-112901,2020-11-06 14:57:00,15.0,501 Signal Mountain Rd,,Chattanooga,Hamilton,Mundy Street,,5,0,0,0,1,0,15.0,1,0,1,0,0.0,0.0,35.094368,-85.331318,POINT (-85.331318 35.094368),"(35.094368, -85.331318)",4,2020,11,6,14,4
20-114836,2020-11-11 18:00:00,18.0,1701-1799 E 37th St,,Chattanooga,Hamilton,Rossville Blvd,,1,0,1,0,1,0,30.0,1,4,1,0,0.0,0.0,35.001482,-85.291618,POINT (-85.291618 35.001482),"(35.001482, -85.291618)",0,2020,11,11,18,2
20-115153,2020-11-12 15:49:00,16.0,7500 Bonny Oaks Dr,,Chattanooga,Hamilton,Lee Hwy,,1,0,0,0,1,0,40.0,1,0,1,0,1.0,0.0,35.0607478,-85.134369,POINT (-85.134369 35.0607478),"(35.0607478, -85.134369)",4,2020,11,12,15,3
20-116395,2020-11-16 12:05:00,12.0,6th Ave,SR-2500,Chattanooga,Hamilton,E 25th Street Ct,,1,0,0,0,1,0,15.0,1,0,1,0,0.0,0.0,35.013672,-85.279925,POINT (-85.279925 35.013672),"(35.013672, -85.279925)",4,2020,11,16,12,0
20-117843,2020-11-20 10:20:00,10.5,3500 Brainerd Rd,,Chattanooga,Hamilton,N Germantown Rd,,1,0,0,0,1,0,35.0,1,0,1,0,0.0,0.0,35.023571,-85.244828,POINT (-85.244828 35.023571),"(35.023571, -85.244828)",4,2020,11,20,10,4
20-120310,2020-11-27 12:54:00,13.0,6101 Lee Hwy,SR-6100,Chattanooga,Hamilton,Lee Hwy,,1,0,0,0,1,0,15.0,1,0,1,0,0.0,0.0,35.030545,-85.189874,POINT (-85.189874 35.030545),"(35.030545, -85.189874)",4,2020,11,27,12,4
20-121339,2020-11-30 14:00:00,14.0,7734 Lee Hwy,,Chattanooga,Hamilton,Bonny Oaks Dr,,5,0,0,0,1,0,15.0,1,0,1,0,0.0,0.0,35.062796,-85.130151,POINT (-85.130151 35.062796),"(35.062796, -85.130151)",4,2020,11,30,14,0
20-121641,2020-12-01 12:00:00,12.0,5928 Hixson Pike,,Chattanooga,Hamilton,Cassandra Smith Rd,,4,0,0,0,1,0,,1,0,1,0,0.0,0.0,35.147481,-85.20734,POINT (-85.20734 35.147481),"(35.147481, -85.207340)",4,2020,12,1,12,1
20-123606,2020-12-06 19:55:00,20.0,4300 Highway 58,,Chattanooga,Hamilton,Murray Hills Drive,,4,0,0,0,1,0,45.0,1,0,1,0,0.0,1.0,35.082562,-85.206217,POINT (-85.206217 35.082562),"(35.082562, -85.206217)",0,2020,12,6,19,6
20-126579,2020-12-15 10:05:00,10.0,3424 Rossville Blvd,,Chattanooga,Hamilton,E 35th St,,1,0,0,0,1,0,40.0,1,0,1,0,0.0,0.0,35.004258,-85.292268,POINT (-85.292268 35.004258),"(35.004258, -85.292268)",4,2020,12,15,10,1
20-129760,2020-12-24 06:12:00,6.0,116 Central Ave,,Chattanooga,Hamilton,East 3rd,,1,0,0,0,1,0,25.0,1,4,1,0,0.0,0.0,35.04786,-85.287357,POINT (-85.287357 35.04786),"(35.047860, -85.287357)",0,2020,12,24,6,3
20-129939,2020-12-24 17:41:00,17.5,490 Greenway View Dr,,Chattanooga,Hamilton,Brainerd rd,,1,0,0,0,1,0,15.0,1,1,1,0,0.0,0.0,35.008709,-85.205213,POINT (-85.205213 35.008709),"(35.008709, -85.205213)",0,2020,12,24,17,3
20-130803,2020-12-27 21:00:00,21.0,120 Market St,,Chattanooga,Hamilton,W Aquarium Way,,4,0,0,0,1,0,25.0,1,0,1,0,0.0,1.0,35.055214,-85.309333,POINT (-85.309333 35.055214),"(35.055214, -85.309333)",0,2020,12,27,21,6
21-000491,2021-01-02 07:32:00,7.5,6725 Dupre Rd,SR-6725,Chattanooga,Hamilton,Hickory Valley Rd,,1,0,1,0,1,0,25.0,1,0,1,0,0.0,0.0,35.02471,-85.180158,POINT (-85.180158 35.02471),"(35.024710, -85.180158)",3,2021,1,2,7,5
21-001351,2021-01-04 17:10:00,17.0,1804 Gunbarrel Rd,,Chattanooga,Hamilton,Crane Rd,,1,0,1,0,1,0,,1,0,1,0,0.0,0.0,35.023735,-85.158512,POINT (-85.158512 35.023735),"(35.023735, -85.158512)",4,2021,1,4,17,0
21-004955,2021-01-15 20:02:00,20.0,Amnicola Hwy,,Chattanooga,Hamilton,Judd Rd,,5,0,0,0,1,0,50.0,1,0,1,0,0.0,1.0,35.084474,-85.262399,POINT (-85.262399 35.084474),"(35.084474, -85.262399)",0,2021,1,15,20,4
21-005918,2021-01-18 02:00:00,2.0,18517 Interstate 24 Eastbound,,Chattanooga,Hamilton,Spring Creek Rd,,5,0,1,0,1,0,45.0,1,0,1,0,0.0,0.0,35.004152,-85.219256,POINT (-85.219256 35.004152),"(35.004152, -85.219256)",2,2021,1,18,2,0
21-009748,2021-01-29 19:44:00,19.5,E 11th St,SR-600,Chattanooga,Hamilton,Baldwin St,,1,0,1,0,1,0,25.0,1,0,1,0,0.0,0.0,35.0451953,-85.304933,POINT (-85.304933 35.0451953),"(35.0451953, -85.304933)",0,2021,1,29,19,4
21-009977,2021-01-30 13:45:00,14.0,5764 Highway 153,,Chattanooga,Hamilton,Hwy 153 Nb,,1,0,0,0,1,0,45.0,1,1,1,0,0.0,0.0,35.152975,-85.24562,POINT (-85.24562 35.152975),"(35.152975, -85.245620)",4,2021,1,30,13,5
21-010176,2021-01-30 22:35:00,22.5,5814 Lee Hwy,,Chattanooga,Hamilton,Chickamauga Rd,,5,0,0,0,1,0,40.0,1,0,1,0,0.0,0.0,35.021343,-85.200063,POINT (-85.200063 35.021343),"(35.021343, -85.200063)",0,2021,1,30,22,5
21-010839,2021-02-01 20:15:00,20.5,3907 Dodds Ave,,Chattanooga,Hamilton,E 40th St,,4,0,0,0,1,0,30.0,1,0,1,0,0.0,0.0,34.997051,-85.283782,POINT (-85.283782 34.997051),"(34.997051, -85.283782)",0,2021,2,1,20,0
21-012027,2021-02-05 07:13:00,7.0,6951 Lee Hwy,,Chattanooga,Hamilton,Shallowford Rd,,5,0,0,0,1,0,40.0,1,0,1,0,0.0,0.0,35.044762,-85.164109,POINT (-85.164109 35.044762),"(35.044762, -85.164109)",0,2021,2,5,7,4
21-014454,2021-02-12 06:30:00,6.5,3600 Rossville Blvd,US-3600,Chattanooga,Hamilton,37th,,5,0,0,0,1,0,35.0,1,0,1,0,0.0,0.0,35.002372,-85.291848,POINT (-85.291848 35.002372),"(35.002372, -85.291848)",3,2021,2,12,6,4
21-018780,2021-02-24 13:45:00,14.0,S Willow St,,Chattanooga,Hamilton,E 23rd St,,1,0,1,0,1,0,35.0,1,0,1,0,0.0,0.0,35.018994,-85.279976,POINT (-85.279976 35.018994),"(35.018994, -85.279976)",4,2021,2,24,13,2
21-020073,2021-02-27 21:56:00,22.0,Mountain Creek Rd,SR-900,Chattanooga,Hamilton,Signal View,,1,0,0,0,1,0,25.0,1,0,1,0,0.0,0.0,35.103758,-85.32436,POINT (-85.32436 35.103758),"(35.103758, -85.324360)",0,2021,2,27,21,5
21-020081,2021-02-27 22:28:00,22.5,2301 4th Ave,,Chattanooga,Hamilton,E 23rd St,,1,0,1,0,1,0,45.0,1,0,1,0,0.0,0.0,35.017689,-85.280427,POINT (-85.280427 35.017689),"(35.017689, -85.280427)",0,2021,2,27,22,5
21-022990,2021-03-08 00:55:00,1.0,4711 Brainerd Rd,,Chattanooga,Hamilton,Woodvale,,1,0,1,0,1,0,35.0,1,0,1,0,,,35.014231,-85.23045,POINT (-85.23045 35.014231),"(35.014231, -85.230450)",0,2021,3,8,0,0
21-027250,2021-03-19 14:30:00,14.5,Manufacturers Rd,SR-100,Chattanooga,Hamilton,Cherokee Blvd,1.0,4,0,0,0,1,0,30.0,1,0,1,0,0.0,0.0,35.063562,-85.310268,POINT (-85.310268 35.063562),"(35.063562, -85.310268)",4,2021,3,19,14,4
21-029022,2021-03-24 12:30:00,12.5,2020 Gunbarrel Rd,,Chattanooga,Hamilton,Goodwin Rd,,4,0,0,0,1,0,15.0,1,0,1,0,0.0,0.0,35.030081,-85.153146,POINT (-85.153146 35.030081),"(35.030081, -85.153146)",4,2021,3,24,12,2
21-031354,2021-03-30 14:30:00,14.5,7804 E Brainerd Rd,,Chattanooga,Hamilton,E Brainerd Rd,,1,0,1,0,1,0,,1,0,1,0,0.0,0.0,35.008124,-85.154777,POINT (-85.154777 35.008124),"(35.008124, -85.154777)",4,2021,3,30,14,1
21-032028,2021-04-01 09:00:00,9.0,Houston St,,Chattanooga,Hamilton,Vine St,,4,0,0,0,1,0,35.0,1,0,1,0,0.0,0.0,35.04888,-85.30315,POINT (-85.30315 35.04888),"(35.048880, -85.303150)",4,2021,4,1,9,3
21-033726,2021-04-05 21:46:00,22.0,000 W Bell Ave,,Chattanooga,Hamilton,N Market St,,4,0,0,0,1,0,30.0,1,0,1,0,0.0,0.0,35.068284,-85.308932,POINT (-85.308932 35.068284),"(35.068284, -85.308932)",0,2021,4,5,21,0
21-034111,2021-04-06 20:30:00,20.5,3604 Brainerd Rd,,Chattanooga,Hamilton,Germantown rd,,1,0,1,0,1,0,15.0,1,0,1,0,0.0,0.0,35.023303,-85.245707,POINT (-85.245707 35.023303),"(35.023303, -85.245707)",0,2021,4,6,20,1
21-034232,2021-04-07 07:40:00,7.5,5840 Lake Resort Ter,,Chattanooga,Hamilton,Lake Resort Ter,,4,0,0,0,1,0,,1,0,1,0,0.0,0.0,35.10906,-85.21286,POINT (-85.21286 35.10906),"(35.109060, -85.212860)",3,2021,4,7,7,2
21-036762,2021-04-13 14:00:00,14.0,3800 Chandler Ave,,Chattanooga,Hamilton,400 West 38th Street,,1,0,1,0,1,0,35.0,1,0,1,0,,,35.006719,-85.313922,POINT (-85.313922 35.006719),"(35.006719, -85.313922)",4,2021,4,13,14,1
21-037802,2021-04-16 03:58:00,4.0,,I-75,Chattanooga,Hamilton,Hwy 153 NB,,0,0,0,1,0,0,55.0,4,0,1,0,1.0,1.0,35.030023,-85.169946,POINT (-85.169946 35.030023),"(35.0300230, -85.169946)",1,2021,4,16,3,4
21-040086,2021-04-22 08:00:00,8.0,500 S Willow St,,Chattanooga,Hamilton,Bailey Ave,,1,0,0,0,1,0,25.0,1,0,1,0,0.0,0.0,35.033198,-85.272756,POINT (-85.272756 35.033198),"(35.033198, -85.272756)",4,2021,4,22,8,3
21-040377,2021-04-23 00:00:00,,300 N Germantown Rd,SR-300,Chattanooga,Hamilton,Rogers Rd,,0,0,1,1,0,0,30.0,1,0,1,0,0.0,0.0,35.034097,-85.241284,POINT (-85.241284 35.034097),"(35.034097, -85.241284)",1,2021,4,23,0,4
21-041515,2021-04-26 00:16:00,0.5,1523 Bradt St,,Chattanooga,Hamilton,Camden St,,1,0,1,0,1,0,30.0,2,0,1,0,0.0,0.0,35.054535,-85.262452,POINT (-85.262452 35.054535),"(35.054535, -85.262452)",0,2021,4,26,0,0
21-042799,2021-04-29 10:47:00,11.0,1200 Nellie St,,Chattanooga,Hamilton,Hoyt,,4,0,0,0,1,0,25.0,2,1,1,0,0.0,0.0,35.045715,-85.247063,POINT (-85.247063 35.045715),"(35.045715, -85.247063)",4,2021,4,29,10,3
21-046720,2021-05-09 00:30:00,0.5,1801 S Holtzclaw Ave,,Chattanooga,Hamilton,E 21st,,5,0,1,0,1,0,,1,0,1,0,0.0,1.0,35.025405,-85.290348,POINT (-85.290348 35.025405),"(35.025405, -85.290348)",0,2021,5,9,0,6
21-049321,2021-05-15 21:25:00,21.5,E 23rd St,,Chattanooga,Hamilton,Rossville Blvd,,1,0,0,0,1,0,45.0,1,0,1,0,0.0,0.0,35.024513,-85.297979,POINT (-85.297979 35.024513),"(35.024513, -85.297979)",1,2021,5,15,21,5
21-054976,2021-05-29 04:19:00,4.5,4305 Hancock Rd,,Chattanooga,Hamilton,Jersey Pike,,1,0,0,0,1,0,35.0,1,0,1,0,0.0,0.0,35.08142,-85.185364,POINT (-85.185364 35.08142),"(35.081420, -85.185364)",1,2021,5,29,4,5
21-056388,2021-06-01 00:00:00,,E 23rd St,,Chattanooga,Hamilton,S Willow St,,4,0,1,0,1,0,35.0,1,0,1,0,,0.0,35.01701,-85.277147,POINT (-85.277147 35.01701),"(35.017010, -85.277147)",6,2021,6,1,0,1
21-056921,2021-06-03 08:00:00,8.0,103 Market St,,Chattanooga,Hamilton,Aquarium Way,,5,0,1,0,1,0,30.0,1,0,1,0,0.0,1.0,35.055669,-85.309741,POINT (-85.309741 35.055669),"(35.055669, -85.309741)",4,2021,6,3,8,3
21-062800,2021-06-17 13:10:00,13.0,301 E Martin Luther King Blvd,,Chattanooga,Hamilton,E MLK Blvd,,1,0,1,0,1,0,25.0,1,0,1,0,0.0,1.0,35.044821,-85.305288,POINT (-85.305288 35.044821),"(35.044821, -85.305288)",4,2021,6,17,13,3
21-067652,2021-06-29 10:56:00,11.0,5900 Lee Hwy,,Chattanooga,Hamilton,Airport Rd,,5,0,0,0,1,0,40.0,1,0,1,0,0.0,0.0,35.022082,-85.198323,POINT (-85.198323 35.022082),"(35.022082, -85.198323)",4,2021,6,29,10,1
21-068829,2021-07-02 10:50:00,11.0,2180 Gunbarrel Rd,,Chattanooga,Hamilton,Commons Blvd,,4,0,0,0,1,0,15.0,1,0,1,0,0.0,0.0,35.034718,-85.149653,POINT (-85.149653 35.034718),"(35.034718, -85.149653)",4,2021,7,2,10,4
21-072217,2021-07-10 16:07:00,16.0,Dodson Ave,SR-1420,Chattanooga,Hamilton,Wilcox Blvd,,4,0,0,0,1,0,35.0,1,0,1,0,0.0,0.0,35.05297,-85.260301,POINT (-85.260301 35.05297),"(35.052970, -85.260301)",4,2021,7,10,16,5
21-073805,2021-07-14 17:00:00,17.0,E Main St,,Chattanooga,Hamilton,Market St,,1,0,0,0,1,0,25.0,1,0,1,0,0.0,0.0,35.036143,-85.307328,POINT (-85.307328 35.036143),"(35.036143, -85.307328)",4,2021,7,14,17,2
21-073960,2021-07-15 00:42:00,0.5,W 10th St,SR-100,Chattanooga,Hamilton,Broad St,,5,0,0,0,1,0,30.0,1,0,1,0,0.0,0.0,35.04484,-85.3109,POINT (-85.3109 35.04484),"(35.044840, -85.310900)",0,2021,7,15,0,3
21-077105,2021-07-22 20:09:00,20.0,24 EB interstate,I-24,Chattanooga,Hamilton,Hwy 27,177.0,0,0,0,1,1,0,55.0,1,0,1,0,0.0,0.0,35.021125,-85.326589,POINT (-85.326589 35.021125),"(35.021125, -85.326589)",5,2021,7,22,20,3
21-078051,2021-07-24 22:45:00,23.0,Market St,SR-0,Chattanooga,Hamilton,W 14th St,0.0,1,0,1,0,1,0,30.0,1,0,1,0,0.0,0.0,35.038306,-85.307836,POINT (-85.307836 35.038306),"(35.038306, -85.307836)",0,2021,7,24,22,5
21-079263,2021-07-27 22:00:00,22.0,7641 Lee Hwy,,Chattanooga,Hamilton,Lee Hwy,,4,0,0,0,1,0,40.0,1,0,1,0,0.0,1.0,35.060567,-85.135205,POINT (-85.135205 35.060567),"(35.060567, -85.135205)",0,2021,7,27,22,1
21-083152,2021-08-06 14:06:00,14.0,2119 E 23rd St,,Chattanooga,Hamilton,S Willow St,,5,0,1,0,1,0,30.0,1,0,1,0,,,35.018546,-85.280426,POINT (-85.280426 35.018546),"(35.018546, -85.280426)",4,2021,8,6,14,4
21-084890,2021-08-10 22:56:00,23.0,4903 Brainerd Rd,,Chattanooga,Hamilton,N Moore Rd,,1,0,0,0,1,0,40.0,1,0,1,0,0.0,1.0,35.012915,-85.227459,POINT (-85.227459 35.012915),"(35.012915, -85.227459)",0,2021,8,10,22,1
21-085734,2021-08-13 00:30:00,0.5,Interstate 24 EB hwy,I-24,Chattanooga,Hamilton,S Germantown rd,183.2,5,0,1,0,1,0,55.0,1,0,1,0,,,35.012864,-85.249053,POINT (-85.249053 35.012864),"(35.012864, -85.249053)",1,2021,8,13,0,4
21-088654,2021-08-20 03:19:00,3.5,S Willow St,,Chattanooga,Hamilton,E 18th St,,1,0,0,0,1,0,25.0,1,0,1,0,0.0,0.0,35.02184,-85.278652,POINT (-85.278652 35.02184),"(35.021840, -85.278652)",0,2021,8,20,3,4
21-094343,2021-09-03 06:57:00,7.0,Frazier Ave,,Chattanooga,Hamilton,Tremont St/Tampa St,,1,0,0,0,1,0,30.0,1,0,1,0,0.0,0.0,35.0616,-85.30466,POINT (-85.30466 35.0616),"(35.061600, -85.304660)",4,2021,9,3,6,4
21-097062,2021-09-10 07:00:00,7.0,E 11th St,SR-1,Chattanooga,Hamilton,Market St,,5,0,0,0,1,0,30.0,1,0,1,0,0.0,0.0,35.043922,-85.309345,POINT (-85.309345 35.043922),"(35.043922, -85.309345)",3,2021,9,10,7,4
21-099547,2021-09-16 18:43:00,18.5,1420 Dodson Ave,,Chattanooga,Hamilton,Wilcox Blvd,,4,0,1,0,1,0,,1,0,1,0,0.0,1.0,35.05297,-85.260301,POINT (-85.260301 35.05297),"(35.052970, -85.260301)",4,2021,9,16,18,3
21-100015,2021-09-17 20:35:00,20.5,3440 Wilcox Blvd,,Chattanooga,Hamilton,Tunnel Blvd,,4,0,0,0,1,0,15.0,1,0,1,0,0.0,0.0,35.046965,-85.238216,POINT (-85.238216 35.046965),"(35.046965, -85.238216)",0,2021,9,17,20,4
21-102443,2021-09-24 00:00:00,,7502 Standifer Gap Rd,,Chattanooga,Hamilton,Jenkins Rd,,5,0,1,0,1,0,25.0,1,0,1,0,0.0,0.0,35.0436962,-85.125868,POINT (-85.125868 35.0436962),"(35.0436962, -85.125868)",2,2021,9,24,0,4
21-103607,2021-09-27 11:10:00,11.0,W 20th St,,Chattanooga,Hamilton,Long St,,1,0,0,0,1,0,,1,0,1,0,0.0,0.0,35.032049,-85.311255,POINT (-85.311255 35.032049),"(35.032049, -85.311255)",4,2021,9,27,11,0
21-104673,2021-09-29 23:44:00,23.5,438 Roberts St,SR-438,Chattanooga,Hamilton,Cleveland Ave,,5,0,1,0,1,0,25.0,1,0,1,0,,,35.043325,-85.273118,POINT (-85.273118 35.043325),"(35.043325, -85.273118)",0,2021,9,29,23,2
21-104971,2021-09-30 17:43:00,17.5,1401 E 23rd St,,Chattanooga,Hamilton,S Greenwood Ave,,5,0,0,0,1,0,40.0,1,0,1,0,0.0,0.0,35.0221,-85.290226,POINT (-85.290226 35.0221),"(35.022100, -85.290226)",4,2021,9,30,17,3
21-105360,2021-10-01 14:50:00,15.0,7400 Goodwin Rd,,Chattanooga,Hamilton,Gunbarrel Rd,,1,0,0,0,1,0,45.0,1,0,1,0,0.0,0.0,35.030221,-85.155546,POINT (-85.155546 35.030221),"(35.030221, -85.155546)",4,2021,10,1,14,4
21-105933,2021-10-02 21:43:00,21.5,2100 Hamilton Place Blvd,,Chattanooga,Hamilton,Hamilton Place Blvd,,4,0,0,0,1,0,15.0,1,0,1,0,0.0,0.0,35.032896,-85.159378,POINT (-85.159378 35.032896),"(35.032896, -85.159378)",0,2021,10,2,21,5
21-109530,2021-10-11 20:50:00,21.0,4600 Amnicola Hwy,,Chattanooga,Hamilton,HWY 153,,5,0,0,0,1,0,50.0,1,0,1,0,0.0,0.0,35.091662,-85.225479,POINT (-85.225479 35.091662),"(35.091662, -85.225479)",1,2021,10,11,20,0
21-110378,2021-10-13 21:00:00,21.0,801 Riverfront Pkwy,,Chattanooga,Hamilton,Molly Ln,,5,0,0,0,1,0,35.0,1,0,1,0,0.0,1.0,35.05079,-85.321247,POINT (-85.321247 35.05079),"(35.050790, -85.321247)",0,2021,10,13,21,2
21-111526,2021-10-16 20:18:00,20.5,Brainerd Rd,,Chattanooga,Hamilton,Eastgate Loop Rd,,5,0,0,0,1,0,40.0,1,0,1,0,0.0,1.0,35.01064,-85.216372,POINT (-85.216372 35.01064),"(35.010640, -85.216372)",0,2021,10,16,20,5
21-112935,2021-10-20 19:19:00,19.5,Georgia Ave,,Chattanooga,Hamilton,E 5th St,,5,0,0,0,1,0,30.0,1,0,1,0,0.0,0.0,35.051045,-85.305296,POINT (-85.305296 35.051045),"(35.051045, -85.305296)",0,2021,10,20,19,2
21-114102,2021-10-23 19:43:00,19.5,Bonny Oaks Dr,,Chattanooga,Hamilton,S Access,,5,0,0,0,1,0,45.0,4,0,1,0,1.0,1.0,35.080613,-85.212942,POINT (-85.212942 35.080613),"(35.080613, -85.212942)",0,2021,10,23,19,5
21-117789,2021-11-02 15:45:00,16.0,1300 Vance Road,SR-1300,Chattanooga,Hamilton,Hunt Drive,,5,0,1,0,1,0,35.0,1,0,1,0,0.0,0.0,35.024147,-85.187644,POINT (-85.187644 35.024147),"(35.024147, -85.187644)",4,2021,11,2,15,1
21-119028,2021-11-05 20:26:00,20.5,Market St,,Chattanooga,Hamilton,W14th St,,5,0,0,0,1,0,30.0,1,0,1,0,,,35.038499,-85.307481,POINT (-85.307481 35.038499),"(35.038499, -85.307481)",0,2021,11,5,20,4
21-119032,2021-11-05 20:45:00,21.0,4850 Highway 58,SR-4850,Chattanooga,Hamilton,Jersey Pike,,0,0,1,1,0,0,40.0,1,0,1,0,0.0,1.0,35.09146,-85.182441,POINT (-85.182441 35.09146),"(35.091460, -85.182441)",1,2021,11,5,20,4
18-115346,2018-11-30 22:54:00,23.0,2277 Gunbarrel Rd,SR-2200,Chattanooga,Hamilton,Shallowford Road,,4,0,0,0,1,0,40.0,1,0,1,0,0.0,0.0,35.039243,-85.151301,POINT (-85.151301 35.039243),"(35.039243, -85.151301)",0,2018,11,30,22,4
18-023493,2018-03-17 14:39:00,14.5,1808 S Beech St,SR-1808,Chattanooga,Hamilton,E 19th St,,5,0,1,0,1,0,30.0,1,0,1,0,0.0,0.0,35.1830942,-85.219799,POINT (-85.219799 35.1830942),"(35.1830942, -85.219799)",4,2018,3,17,14,5
18-011355,2018-02-07 19:30:00,19.5,3131 Mountain Creek Rd,,Chattanooga,Hamilton,Mountain creek rd,,1,0,0,0,1,0,,1,1,1,0,0.0,0.0,35.123054,-85.318047,POINT (-85.318047 35.123054),"(35.123054, -85.318047)",1,2018,2,7,19,2
18-034811,2018-04-20 09:06:00,9.0,3604 Brainerd Rd,,Chattanooga,Hamilton,Germantown Rd,,5,0,0,0,1,0,40.0,1,0,1,0,0.0,,35.023303,-85.245707,POINT (-85.245707 35.023303),"(35.023303, -85.245707)",4,2018,4,20,9,4
18-004556,2018-01-16 06:50:00,7.0,W 20th St,SR-400,Chattanooga,Hamilton,2000 Broad St,,1,0,1,0,1,0,35.0,1,0,1,0,0.0,0.0,35.033352,-85.313586,POINT (-85.313586 35.033352),"(35.033352, -85.313586)",3,2018,1,16,6,1
18-005521,2018-01-19 17:20:00,17.5,200 W 6th St,,Chattanooga,Hamilton,Non intersection,,1,0,0,0,1,0,35.0,1,0,1,0,0.0,0.0,35.049623,-85.311696,POINT (-85.311696 35.049623),"(35.049623, -85.311696)",4,2018,1,19,17,4
18-005044,2018-01-18 05:49:00,6.0,Volkswagen Dr,,Chattanooga,Hamilton,Bonny Oaks Dr,,4,0,1,0,1,0,,1,0,1,0,0.0,0.0,35.080045,-85.132664,POINT (-85.132664 35.080045),"(35.080045, -85.132664)",0,2018,1,18,5,3
18-015263,2018-02-20 06:37:00,6.5,Market St,,Chattanooga,Hamilton,E 6th St,,1,0,0,0,1,0,45.0,1,0,1,0,0.0,0.0,35.049668,-85.309567,POINT (-85.309567 35.049668),"(35.049668, -85.309567)",4,2018,2,20,6,1
19-022421,2019-03-09 00:00:00,,2204 Hamilton Place Blvd,SR-2204,Chattanooga,Hamilton,Hamilton Place Blvd,,4,0,1,0,1,0,30.0,1,4,1,0,1.0,1.0,35.0381,-85.155971,POINT (-85.155971 35.0381),"(35.038100, -85.155971)",1,2019,3,9,0,5
18-000505,2018-01-02 17:41:00,17.5,E 10th St,,Chattanooga,Hamilton,Market St,,1,0,0,0,1,0,35.0,1,0,1,0,0.0,0.0,35.044862,-85.309402,POINT (-85.309402 35.044862),"(35.044862, -85.309402)",4,2018,1,2,17,1
19-052405,2019-05-30 11:11:00,11.0,140 Highway 153 Nb,,Chattanooga,Hamilton,130 Hwy 153 NB,,5,0,0,0,1,0,55.0,1,0,1,0,1.0,0.0,35.039725,-85.18526,POINT (-85.18526 35.039725),"(35.039725, -85.185260)",4,2019,5,30,11,3
18-025531,2018-03-23 15:30:00,15.5,Shepherd View Cir,,Chattanooga,Hamilton,7168 shepard view circle,,1,0,0,0,1,0,15.0,1,0,1,0,0.0,0.0,35.057392,-85.148694,POINT (-85.148694 35.057392),"(35.057392, -85.148694)",4,2018,3,23,15,4
18-002179,2018-01-08 07:17:00,7.5,E 3rd St,,Chattanooga,Hamilton,Central Ave,,1,0,0,0,1,0,30.0,1,3,1,0,0.0,0.0,35.046907,-85.288194,POINT (-85.288194 35.046907),"(35.046907, -85.288194)",0,2018,1,8,7,0
18-110312,2018-11-15 19:55:00,20.0,5837 Bunch St,,Chattanooga,Hamilton,Dixson St,,5,0,0,0,1,0,25.0,1,0,1,0,0.0,0.0,35.043199,-85.19201,POINT (-85.19201 35.043199),"(35.043199, -85.192010)",0,2018,11,15,19,3
18-003394,2018-01-12 07:01:00,7.0,Brainerd Rd,US-11,Chattanooga,Hamilton,Brainerd Rd,,4,0,0,0,1,0,,1,4,1,0,0.0,0.0,35.012306,-85.212241,POINT (-85.212241 35.012306),"(35.012306, -85.212241)",0,2018,1,12,7,4
18-060450,2018-06-28 06:15:00,6.5,Volkswagen Dr,,Chattanooga,Hamilton,Volkswagen Dr,,4,0,0,0,1,0,15.0,1,1,1,0,0.0,0.0,35.080045,-85.132664,POINT (-85.132664 35.080045),"(35.080045, -85.132664)",4,2018,6,28,6,3
18-074860,2018-08-07 06:44:00,6.5,7300 Shallowford Rd,,Chattanooga,Hamilton,Napier,,0,0,0,1,1,0,40.0,1,0,1,0,0.0,0.0,35.041836,-85.154037,POINT (-85.154037 35.041836),"(35.041836, -85.154037)",0,2018,8,7,6,1
18-006318,2018-01-22 12:36:00,12.5,2100 Hamilton Place,,Chattanooga,Hamilton,Hamilton place blvd,,4,0,0,0,1,0,20.0,1,0,1,0,0.0,0.0,35.0511515,-85.188788,POINT (-85.188788 35.0511515),"(35.0511515, -85.188788)",4,2018,1,22,12,0
18-029837,2018-04-05 12:05:00,12.0,S Kelley St,,Chattanooga,Hamilton,Chamberlain Ave,,5,0,1,0,1,0,25.0,1,0,1,0,0.0,0.0,35.08811,-85.071898,POINT (-85.071898 35.08811),"(35.088110, -85.071898)",4,2018,4,5,12,3
19-035594,2019-04-14 21:51:00,22.0,3459 Amnicola Hwy,SR-3400,Chattanooga,Hamilton,Lost Mound Drive,,0,0,0,1,0,0,45.0,1,0,1,0,0.0,0.0,35.083556,-85.263401,POINT (-85.263401 35.083556),"(35.083556, -85.263401)",1,2019,4,14,21,6
18-018436,2018-03-02 09:39:00,9.5,7400 Bonny oaks Dr,,Chattanooga,Hamilton,Silverdale Rd,,1,0,0,0,1,0,45.0,1,0,1,0,0.0,0.0,35.062947,-85.137467,POINT (-85.137467 35.062947),"(35.062947, -85.137467)",4,2018,3,2,9,4
21-122159,2021-11-14 01:47:00,2.0,6925 Shallowford Rd,,Chattanooga,Hamilton,Center St,,5,0,1,0,1,0,,1,0,1,0,,1.0,35.044439,-85.160347,POINT (-85.160347 35.044439),"(35.044439, -85.160347)",1,2021,11,14,1,6
21-122535,2021-11-15 07:50:00,8.0,200 Central Ave,,Chattanooga,Hamilton,E 3rd St,,4,0,0,0,1,0,25.0,1,0,1,0,0.0,0.0,35.047189,-85.28776,POINT (-85.28776 35.047189),"(35.047189, -85.287760)",4,2021,11,15,7,0
21-123177,2021-11-16 21:25:00,21.5,Broad St at W MLK Blvd,,Chattanooga,Hamilton,Broad St,,5,0,0,0,1,0,30.0,1,0,1,0,0.0,0.0,35.04568,-85.31051,POINT (-85.31051 35.04568),"(35.045680, -85.310510)",0,2021,11,16,21,1
21-123539,2021-11-17 17:55:00,18.0,800 N Willow St,,Chattanooga,Hamilton,2200 Rawlings,,1,0,0,0,1,0,30.0,1,0,1,0,0.0,0.0,35.044888,-85.266698,POINT (-85.266698 35.044888),"(35.044888, -85.266698)",1,2021,11,17,17,2
21-123680,2021-11-18 04:50:00,5.0,6003 Shallowford Rd,,Chattanooga,Hamilton,Chapman Rd,,5,0,1,0,1,0,45.0,1,0,1,0,0.0,0.0,35.054355,-85.188205,POINT (-85.188205 35.054355),"(35.054355, -85.188205)",0,2021,11,18,4,3
21-128288,2021-12-01 05:06:00,5.0,90 Highway 153,US-153,Chattanooga,Hamilton,Interstate 75,,5,0,0,0,1,1,55.0,1,0,1,0,0.0,0.0,35.024637,-85.174285,POINT (-85.174285 35.024637),"(35.024637, -85.174285)",1,2021,12,1,5,2
21-128612,2021-12-01 00:00:00,,2140 E 28th St,,Chattanooga,Hamilton,4th Ave,,5,0,1,0,1,0,35.0,1,0,1,0,0.0,0.0,35.011308,-85.283909,POINT (-85.283909 35.011308),"(35.011308, -85.283909)",0,2021,12,1,0,2
21-128725,2021-12-02 09:29:00,9.5,2321 Hickory Valley Rd,,Chattanooga,Hamilton,Shallowford Rd,,1,0,0,0,1,0,45.0,1,0,1,0,0.0,0.0,35.048197,-85.165687,POINT (-85.165687 35.048197),"(35.048197, -85.165687)",4,2021,12,2,9,3
21-128914,2021-12-02 17:34:00,17.5,2125 E 25th Street Pl,,Chattanooga,Hamilton,4th Ave,,5,0,1,0,1,0,30.0,1,0,1,0,0.0,0.0,35.014278,-85.282031,POINT (-85.282031 35.014278),"(35.014278, -85.282031)",4,2021,12,2,17,3
21-130908,2021-12-07 18:47:00,19.0,2464 Amnicola Hwy,SR-2464,Chattanooga,Hamilton,River Terminal Rd,,0,0,0,1,1,0,50.0,1,0,1,0,1.0,1.0,34.9929235,-85.203119,POINT (-85.203119 34.9929235),"(34.9929235, -85.203119)",1,2021,12,7,18,1
21-131787,2021-12-10 00:27:00,0.5,W Martin Luther King Blvd,,Chattanooga,Hamilton,Market St,,5,0,0,0,1,0,35.0,1,0,1,0,0.0,1.0,35.04576,-85.30965,POINT (-85.30965 35.04576),"(35.045760, -85.309650)",0,2021,12,10,0,4
21-132864,2021-12-12 19:00:00,19.0,509 N Moore Rd,,Chattanooga,Hamilton,Carolyn Ln,,1,0,1,0,1,0,30.0,1,0,1,0,0.0,0.0,35.019414,-85.225037,POINT (-85.225037 35.019414),"(35.019414, -85.225037)",0,2021,12,12,19,6
21-135539,2021-12-19 16:02:00,16.0,4903 Brainerd Rd,,Chattanooga,Hamilton,N Moore Rd,,5,0,1,0,1,0,35.0,1,0,1,0,0.0,0.0,35.012915,-85.227459,POINT (-85.227459 35.012915),"(35.012915, -85.227459)",4,2021,12,19,16,6
21-138242,2021-12-27 13:30:00,13.5,3600 Brainerd Rd,,Chattanooga,Hamilton,N Germantown Rd.,,1,0,1,0,1,0,30.0,1,0,1,0,0.0,0.0,35.023643,-85.246419,POINT (-85.246419 35.023643),"(35.023643, -85.246419)",4,2021,12,27,13,0
21-138736,2021-12-28 22:47:00,23.0,404 Tunnel Blvd,,Chattanooga,Hamilton,Tunnel Blvd,,1,0,1,0,1,0,15.0,1,0,1,0,,,35.033474,-85.243255,POINT (-85.243255 35.033474),"(35.033474, -85.243255)",0,2021,12,28,22,1
21-139384,2021-12-30 18:00:00,18.0,5300 Brainerd Rd,,Chattanooga,Hamilton,McBrien Rd,,4,0,0,0,1,0,35.0,1,0,1,0,0.0,0.0,35.010574,-85.222145,POINT (-85.222145 35.010574),"(35.010574, -85.222145)",0,2021,12,30,18,3
22-000334,2022-01-01 20:16:00,20.5,133 W 38th St,SR-133,Chattanooga,Hamilton,3800 Central Ave,,5,0,0,0,1,0,40.0,1,4,1,0,0.0,0.0,35.005924,-85.311189,POINT (-85.311189 35.005924),"(35.005924, -85.311189)",0,2022,1,1,20,5
22-001444,2022-01-05 07:31:00,7.5,1750 Dodds Ave,,Chattanooga,Hamilton,E 17th St,,4,0,0,0,1,0,35.0,1,0,1,0,0.0,0.0,35.019628,-85.271072,POINT (-85.271072 35.019628),"(35.019628, -85.271072)",3,2022,1,5,7,2
22-001729,2022-01-05 18:53:00,19.0,Fairfax Dr,,Chattanooga,Hamilton,Azalean Dr,,4,0,0,0,1,0,30.0,1,0,1,0,0.0,0.0,35.107105,-85.261742,POINT (-85.261742 35.107105),"(35.107105, -85.261742)",0,2022,1,5,18,2
22-002006,2022-01-06 19:40:00,19.5,Mccallie Ave,,Chattanooga,Hamilton,Dodson Ave,,5,0,0,0,1,0,35.0,1,0,1,0,0.0,0.0,35.03097,-85.26135,POINT (-85.26135 35.03097),"(35.030970, -85.261350)",0,2022,1,6,19,3
22-003263,2022-01-10 14:51:00,15.0,5665 Brainerd Road,SR-5665,Chattanooga,Hamilton,Old Mission Road,,1,0,0,0,1,0,40.0,1,0,1,0,0.0,0.0,35.1227964,-85.055304,POINT (-85.055304 35.1227964),"(35.1227964, -85.055304)",4,2022,1,10,14,0
22-003995,2022-01-12 17:29:00,17.5,490 Greenway View Dr,,Chattanooga,Hamilton,Skurlock Rd,,1,0,0,0,1,0,,1,0,1,0,0.0,0.0,35.008709,-85.205213,POINT (-85.205213 35.008709),"(35.008709, -85.205213)",5,2022,1,12,17,2
22-008237,2022-01-24 18:58:00,19.0,Hwy 58,,Chattanooga,Hamilton,Holder Rd,,4,0,0,0,1,0,50.0,1,0,1,0,0.0,0.0,35.113746,-85.130908,POINT (-85.130908 35.113746),"(35.113746, -85.130908)",1,2022,1,24,18,0
22-008824,2022-01-26 11:39:00,11.5,2119 E 23rd St,,Chattanooga,Hamilton,4th Ave,,5,0,0,0,1,0,40.0,1,0,1,0,0.0,0.0,35.018546,-85.280426,POINT (-85.280426 35.018546),"(35.018546, -85.280426)",4,2022,1,26,11,2
22-009599,2022-01-28 14:35:00,14.5,E Main St,,Chattanooga,Hamilton,Rossville Ave,,1,0,0,0,1,0,35.0,1,0,1,0,0.0,0.0,35.035383,-85.305354,POINT (-85.305354 35.035383),"(35.035383, -85.305354)",4,2022,1,28,14,4
22-011110,2022-02-01 20:45:00,21.0,101 Glenwood Dr,,Chattanooga,Hamilton,101 Glenwood Dr,,1,0,0,0,1,0,30.0,1,0,1,0,0.0,1.0,35.032474,-85.263942,POINT (-85.263942 35.032474),"(35.032474, -85.263942)",1,2022,2,1,20,1
22-011704,2022-02-03 11:35:00,11.5,111 Belvour Ave,,Chattanooga,Hamilton,Brainerd Rd,,1,0,0,0,1,0,40.0,1,4,1,0,0.0,0.0,35.016294,-85.241549,POINT (-85.241549 35.016294),"(35.016294, -85.241549)",4,2022,2,3,11,3
22-013996,2022-02-09 16:25:00,16.5,18210 Interstate 24 Wb St,,Chattanooga,Hamilton,S Crest Rd,,4,0,1,0,1,0,65.0,1,0,1,0,0.0,0.0,35.020105,-85.266145,POINT (-85.266145 35.020105),"(35.020105, -85.266145)",4,2022,2,9,16,2
22-015731,2022-02-14 08:20:00,8.5,822 Central Avenue,,Chattanooga,Hamilton,O Neal St,,4,0,0,0,1,0,,1,0,1,0,0.0,0.0,35.040441,-85.289671,POINT (-85.289671 35.040441),"(35.040441, -85.289671)",4,2022,2,14,8,0
22-017223,2022-02-17 00:00:00,,5100 Highway 153,,Chattanooga,Hamilton,Hamill rd,,1,0,0,0,1,0,45.0,1,4,1,0,0.0,1.0,35.121052,-85.237366,POINT (-85.237366 35.121052),"(35.121052, -85.237366)",6,2022,2,17,0,3
22-020535,2022-02-26 18:55:00,19.0,3550 Cummings Hwy,,Chattanooga,Hamilton,Cummings Hwy,,5,0,0,0,1,0,15.0,1,4,1,0,0.0,0.0,35.015591,-85.376588,POINT (-85.376588 35.015591),"(35.015591, -85.376588)",0,2022,2,26,18,5
22-020682,2022-02-27 04:20:00,4.5,776 Mountain Creek Rd,SR-776,Chattanooga,Hamilton,Signal Mtn. Rd,,4,0,1,0,1,0,35.0,1,4,1,0,,,35.09943,-85.327992,POINT (-85.327992 35.09943),"(35.099430, -85.327992)",0,2022,2,27,4,6
22-022797,2022-03-04 17:18:00,17.5,1500 Market St,SR-1,Chattanooga,Hamilton,E Main,1.0,4,0,1,0,1,0,35.0,1,0,1,0,0.0,0.0,35.036143,-85.307328,POINT (-85.307328 35.036143),"(35.036143, -85.307328)",4,2022,3,4,17,4
22-024758,2022-03-09 18:39:00,18.5,101 N Howell Ave,,Chattanooga,Hamilton,Club Dr,,5,0,0,0,1,0,25.0,1,0,1,0,0.0,0.0,35.013273,-85.224251,POINT (-85.224251 35.013273),"(35.013273, -85.224251)",1,2022,3,9,18,2
22-026948,2022-03-15 20:03:00,20.0,397 Mcbrien Rd,,Chattanooga,Hamilton,S Terrace,,5,0,0,0,1,0,30.0,1,4,1,0,0.0,0.0,35.004589,-85.22746,POINT (-85.22746 35.004589),"(35.004589, -85.227460)",0,2022,3,15,20,1
22-028511,2022-03-19 16:40:00,16.5,5812 Browntown Rd,,Chattanooga,Hamilton,Courtney Ln,,5,0,1,0,1,0,40.0,1,0,1,0,0.0,0.0,35.162694,-85.274201,POINT (-85.274201 35.162694),"(35.162694, -85.274201)",4,2022,3,19,16,5
22-028594,2022-03-19 20:58:00,21.0,250 W 38th St,,Chattanooga,Hamilton,Kirkland Ave,,5,0,0,0,1,0,30.0,1,0,1,0,0.0,0.0,35.006293,-85.3128,POINT (-85.3128 35.006293),"(35.006293, -85.312800)",0,2022,3,19,20,5
22-030189,2022-03-24 08:14:00,8.0,100 W Martin Luther King Blvd,,Chattanooga,Hamilton,Broad St,,0,0,0,1,1,0,25.0,1,0,1,0,0.0,0.0,35.045743,-85.31002,POINT (-85.31002 35.045743),"(35.045743, -85.310020)",4,2022,3,24,8,3
22-030894,2022-03-25 22:50:00,23.0,5500 - 5699 Lake Resort Dr,,Chattanooga,Hamilton,Lake Resort Ter,,5,0,1,0,1,0,45.0,1,0,1,0,,,35.10987,-85.228423,POINT (-85.228423 35.10987),"(35.109870, -85.228423)",1,2022,3,25,22,4
22-031949,2022-03-28 20:45:00,21.0,Brainerd Rd,,Chattanooga,Hamilton,N Germantown Rd,,5,0,0,0,1,0,40.0,1,0,1,0,0.0,0.0,35.024821,-85.245567,POINT (-85.245567 35.024821),"(35.024821, -85.245567)",0,2022,3,28,20,0
22-033123,2022-03-31 21:30:00,21.5,8001 Volkswagen Dr,,Chattanooga,Hamilton,Bonny oaks dr,,4,0,0,0,1,0,25.0,1,0,1,0,0.0,0.0,35.07286,-85.1338,POINT (-85.1338 35.07286),"(35.072860, -85.133800)",0,2022,3,31,21,3
22-034800,2022-04-05 11:49:00,12.0,Bonnyshire Dr,,Chattanooga,Hamilton,Bonny Oaks Dr,,1,0,0,0,1,0,15.0,1,4,1,0,0.0,0.0,35.069012,-85.165417,POINT (-85.165417 35.069012),"(35.069012, -85.165417)",4,2022,4,5,11,1
22-035707,2022-04-07 17:05:00,17.0,1601 Market St,,Chattanooga,Hamilton,Main st,,1,0,0,0,1,0,30.0,1,0,1,0,0.0,0.0,35.036004,-85.307644,POINT (-85.307644 35.036004),"(35.036004, -85.307644)",4,2022,4,7,17,3
22-037536,2022-04-12 16:59:00,17.0,W 38th St,,Chattanooga,Hamilton,Highland Ave,,1,0,0,0,1,0,25.0,1,0,1,0,0.0,1.0,35.006743,-85.313989,POINT (-85.313989 35.006743),"(35.006743, -85.313989)",4,2022,4,12,16,1
22-037963,2022-04-13 18:04:00,18.0,Mccallie Ave,,Chattanooga,Hamilton,Douglas St,,4,0,0,0,1,0,25.0,1,0,1,0,0.0,0.0,35.04562,-85.30119,POINT (-85.30119 35.04562),"(35.045620, -85.301190)",4,2022,4,13,18,2
22-042520,2022-04-25 17:15:00,17.5,900 Carter St,,Chattanooga,Hamilton,E Martin Luther King Blvd,,1,0,0,0,1,0,30.0,1,0,1,0,0.0,0.0,35.045668,-85.311653,POINT (-85.311653 35.045668),"(35.045668, -85.311653)",4,2022,4,25,17,0
22-043161,2022-04-27 10:15:00,10.5,900 Manufacturers Rd,,Chattanooga,Hamilton,Hamm Rd,,5,0,0,0,1,0,,1,0,1,0,1.0,0.0,35.05884,-85.327645,POINT (-85.327645 35.05884),"(35.058840, -85.327645)",4,2022,4,27,10,2
22-043207,2022-04-27 12:16:00,12.5,Rossville Blvd,SR-3200,Chattanooga,Hamilton,E 32nd St,,4,0,0,0,1,0,40.0,1,0,1,0,0.0,0.0,35.007069,-85.293833,POINT (-85.293833 35.007069),"(35.007069, -85.293833)",4,2022,4,27,12,2
22-043374,2022-04-27 18:59:00,19.0,Market St,,Chattanooga,Hamilton,W 14th St,,1,0,0,0,1,0,20.0,1,0,1,0,0.0,0.0,35.038499,-85.307481,POINT (-85.307481 35.038499),"(35.038499, -85.307481)",5,2022,4,27,18,2
22-044394,2022-04-30 04:00:00,4.0,500 River St,,Chattanooga,Hamilton,River St,,4,0,1,0,1,0,25.0,1,0,1,0,,,35.060029,-85.304211,POINT (-85.304211 35.060029),"(35.060029, -85.304211)",0,2022,4,30,4,5
22-046149,2022-05-04 16:05:00,16.0,153 Hwy,,Chattanooga,Hamilton,Northpoint Blvd,,4,0,0,0,1,0,45.0,1,0,1,0,0.0,0.0,35.138164,-85.24936,POINT (-85.24936 35.138164),"(35.138164, -85.249360)",4,2022,5,4,16,2
22-048639,2022-05-10 18:45:00,19.0,2400 Dodson Ave,,Chattanooga,Hamilton,Daisy St,,4,0,1,0,1,0,30.0,1,0,1,0,0.0,0.0,35.0816226,-85.263,POINT (-85.263 35.0816226),"(35.0816226, -85.263000)",4,2022,5,10,18,1
22-050400,2022-05-15 02:26:00,2.5,Mccallie Ave,,Chattanooga,Hamilton,Glenwood Dr,,5,0,0,0,1,0,35.0,1,4,1,0,0.0,1.0,35.031395,-85.261209,POINT (-85.261209 35.031395),"(35.031395, -85.261209)",0,2022,5,15,2,6
22-051241,2022-05-17 10:49:00,11.0,979 E 3rd St,,Chattanooga,Hamilton,Central Ave,,4,0,0,0,1,0,,1,0,1,0,0.0,0.0,35.047957,-85.289321,POINT (-85.289321 35.047957),"(35.047957, -85.289321)",4,2022,5,17,10,1
22-052057,2022-05-19 07:49:00,8.0,Market St,,Chattanooga,Hamilton,E 10th St,,4,0,0,0,1,0,35.0,1,0,1,0,0.0,0.0,35.044862,-85.309402,POINT (-85.309402 35.044862),"(35.044862, -85.309402)",4,2022,5,19,7,3
22-054291,2022-05-24 17:50:00,18.0,12th Ave/ E 31st St,,Chattanooga,Hamilton,E 30th St,,4,0,0,0,1,0,25.0,1,0,1,0,0.0,0.0,35.0434061,-85.306981,POINT (-85.306981 35.0434061),"(35.0434061, -85.306981)",4,2022,5,24,17,1
22-058954,2022-06-05 02:40:00,2.5,2125 Mccallie Ave,,Chattanooga,Hamilton,N Willow St,,0,0,1,1,1,0,35.0,1,0,1,0,0.0,1.0,35.0344504,-85.270852,POINT (-85.270852 35.0344504),"(35.0344504, -85.270852)",0,2022,6,5,2,6
22-065295,2022-06-20 19:28:00,19.5,1401 N Chamberlain Ave,,Chattanooga,Hamilton,Balto St,,1,0,0,0,1,0,30.0,1,0,1,0,0.0,0.0,35.05054,-85.25712,POINT (-85.25712 35.05054),"(35.050540, -85.257120)",4,2022,6,20,19,0
22-067953,2022-06-27 06:55:00,7.0,7200 Shallowford Rd,,Chattanooga,Hamilton,I 75 NB off ramp,,5,0,0,0,1,0,45.0,1,0,1,0,0.0,0.0,35.04156,-85.154814,POINT (-85.154814 35.04156),"(35.041560, -85.154814)",3,2022,6,27,6,0
22-068515,2022-06-28 14:00:00,14.0,1420 Dodson Ave,,Chattanooga,Hamilton,Wilcox Blvd,,5,0,0,0,1,0,35.0,1,0,1,0,0.0,0.0,35.05297,-85.260301,POINT (-85.260301 35.05297),"(35.052970, -85.260301)",4,2022,6,28,14,1
22-068872,2022-06-29 07:00:00,7.0,De Sales Ave,SR-2525,Chattanooga,Hamilton,Glenwood Dr,,1,0,1,0,1,0,15.0,1,0,1,0,0.0,0.0,35.041707,-85.260666,POINT (-85.260666 35.041707),"(35.041707, -85.260666)",4,2022,6,29,7,2
22-072484,2022-07-08 00:00:00,,Rossville Blvd,,Chattanooga,Hamilton,E 40th St,,5,0,1,0,1,0,40.0,1,0,1,0,0.0,0.0,34.9976519,-85.291118,POINT (-85.291118 34.9976519),"(34.9976519, -85.291118)",6,2022,7,8,0,4
22-084073,2022-08-05 03:17:00,3.5,1000 Interstate 75 St,I-75,Chattanooga,Hamilton,900 Interstate 75,10.0,5,0,0,0,1,0,65.0,1,0,1,0,1.0,1.0,35.078288,-85.095544,POINT (-85.095544 35.078288),"(35.078288, -85.095544)",0,2022,8,5,3,4
22-084146,2022-08-05 10:20:00,10.5,301 Market St,SR-300,Chattanooga,Hamilton,E 3rd Street,,4,0,0,0,1,0,30.0,1,0,1,0,0.0,0.0,35.05332,-85.309891,POINT (-85.309891 35.05332),"(35.053320, -85.309891)",4,2022,8,5,10,4
22-088122,2022-08-14 22:00:00,22.0,7300 Lee Hwy,SR-7,Chattanooga,Hamilton,Courage Way,1.0,1,0,0,0,1,0,45.0,1,0,1,0,0.0,1.0,35.052856,-85.148707,POINT (-85.148707 35.052856),"(35.052856, -85.148707)",1,2022,8,14,22,6
22-091958,2022-08-24 09:18:00,9.5,3916 Rossville Blvd,,Chattanooga,Hamilton,E 40th St,,1,0,0,0,1,0,35.0,1,0,1,0,0.0,0.0,34.998012,-85.291088,POINT (-85.291088 34.998012),"(34.998012, -85.291088)",4,2022,8,24,9,2
22-097220,2022-09-06 14:00:00,14.0,509 E Main St,,Chattanooga,Hamilton,Adams St,,1,0,0,0,1,0,15.0,1,0,1,0,0.0,0.0,35.033765,-85.301101,POINT (-85.301101 35.033765),"(35.033765, -85.301101)",4,2022,9,6,14,1
22-101372,2022-09-16 00:00:00,,700 Interstate 75 Southbound,I-75,Chattanooga,Hamilton,Bonny Oaks,,5,0,1,0,1,0,55.0,1,0,1,0,,,35.0602946,-85.130719,POINT (-85.130719 35.0602946),"(35.0602946, -85.130719)",1,2022,9,16,0,4
22-101392,2022-09-16 23:55:00,24.0,W Martin Luther King Blvd,,Chattanooga,Hamilton,Carter St,,4,0,1,0,1,0,30.0,1,0,1,0,0.0,0.0,35.045297,-85.312411,POINT (-85.312411 35.045297),"(35.045297, -85.312411)",0,2022,9,16,23,4
22-104314,2022-09-24 00:14:00,24.0,,I-24,Chattanooga,Hamilton,Market St,179.6,0,0,0,1,0,0,55.0,1,0,1,0,0.0,1.0,35.025429,-85.302258,POINT (-85.302258 35.025429),"(35.025429, -85.302258)",1,2022,9,24,0,5
22-104461,2022-09-24 00:00:00,,5901 Shallowford Road,SR-5900,Chattanooga,Hamilton,Jersey Pike,,0,0,0,1,0,0,35.0,1,0,1,0,,,35.0236827,-85.158285,POINT (-85.158285 35.0236827),"(35.0236827, -85.158285)",6,2022,9,24,0,5
22-108023,2022-10-03 17:17:00,17.5,Dodds Ave,,Chattanooga,Hamilton,E 41st St,,1,0,0,0,1,0,40.0,1,0,1,0,0.0,1.0,34.9951965,-85.284396,POINT (-85.284396 34.9951965),"(34.9951965, -85.284396)",4,2022,10,3,17,0
22-111369,2022-10-12 12:42:00,12.5,600-799 N Holtzclaw Ave,,Chattanooga,Hamilton,Cleveland Ave,,4,0,0,0,1,0,45.0,1,0,1,0,0.0,0.0,35.04654,-85.278419,POINT (-85.278419 35.04654),"(35.046540, -85.278419)",4,2022,10,12,12,2
22-115654,2022-10-24 02:00:00,2.0,5440 Highway 153,SR-153,Chattanooga,Hamilton,Northpoint Blvd,,0,0,1,1,0,0,45.0,1,0,1,0,,,35.138778,-85.247194,POINT (-85.247194 35.138778),"(35.138778, -85.247194)",0,2022,10,24,2,0
22-115693,2022-10-24 07:57:00,8.0,2337 Mccallie Ave,,Chattanooga,Hamilton,Lyerly,,1,0,0,0,1,0,30.0,1,0,1,0,,,35.034586,-85.267198,POINT (-85.267198 35.034586),"(35.034586, -85.267198)",4,2022,10,24,7,0
22-116369,2022-10-25 20:13:00,20.0,801 Oak St,SR-1,Chattanooga,Hamilton,Oak St,0.0,1,0,0,0,1,0,25.0,1,0,1,0,0.0,0.0,35.044657,-85.295307,POINT (-85.295307 35.044657),"(35.044657, -85.295307)",0,2022,10,25,20,1
22-119020,2022-11-01 19:37:00,19.5,1 - 13 Frazier Ave,,Chattanooga,Hamilton,N Market St,,4,0,0,0,1,0,30.0,1,0,1,0,0.0,0.0,35.062644,-85.308526,POINT (-85.308526 35.062644),"(35.062644, -85.308526)",0,2022,11,1,19,1
22-121551,2022-11-08 13:35:00,13.5,Rossville Blvd,,Chattanooga,Hamilton,E 50th St,,5,0,0,0,1,0,55.0,1,0,1,0,0.0,0.0,34.9856233,-85.287237,POINT (-85.287237 34.9856233),"(34.9856233, -85.287237)",4,2022,11,8,13,1
22-123984,2022-11-15 05:56:00,6.0,1030 E 11th St,,Chattanooga,Hamilton,Central Ave,,1,0,0,0,1,0,30.0,1,4,1,0,0.0,0.0,35.037635,-85.293588,POINT (-85.293588 35.037635),"(35.037635, -85.293588)",0,2022,11,15,5,1
22-124748,2022-11-17 03:47:00,4.0,3709 Cummings Hwy,SR-3700,Chattanooga,Hamilton,Birmingham Hwy,,5,0,0,0,1,0,40.0,1,0,1,0,0.0,0.0,35.018407,-85.379611,POINT (-85.379611 35.018407),"(35.018407, -85.379611)",0,2022,11,17,3,3
22-125250,2022-11-18 14:02:00,14.0,2300 4th Ave,,Chattanooga,Hamilton,Interstate 24,,1,0,0,0,1,0,35.0,1,0,1,0,0.0,0.0,35.017689,-85.280427,POINT (-85.280427 35.017689),"(35.017689, -85.280427)",4,2022,11,18,14,4
22-126401,2022-11-21 19:00:00,19.0,2008 Gunbarrel Rd,,Chattanooga,Hamilton,Lifestyle Way,,4,0,0,0,1,0,35.0,1,0,1,0,0.0,1.0,35.040787,-85.151908,POINT (-85.151908 35.040787),"(35.040787, -85.151908)",0,2022,11,21,19,0
22-127390,2022-11-24 17:57:00,18.0,S Holtzclaw Ave,,Chattanooga,Hamilton,E Main St,,4,0,1,0,1,0,35.0,1,0,1,0,0.0,0.0,35.028961,-85.288147,POINT (-85.288147 35.028961),"(35.028961, -85.288147)",1,2022,11,24,17,3
22-130932,2022-12-04 16:07:00,16.0,3800 Tennessee Ave,SR-1,Chattanooga,Hamilton,W 37th St,1.0,1,0,0,0,1,0,15.0,1,4,1,0,0.0,0.0,35.009944,-85.326184,POINT (-85.326184 35.009944),"(35.009944, -85.326184)",4,2022,12,4,16,6
22-131735,2022-12-06 18:34:00,18.5,Broad St,,Chattanooga,Hamilton,W 4th St,,1,0,0,0,1,0,30.0,1,4,1,0,0.0,0.0,35.052295,-85.310664,POINT (-85.310664 35.052295),"(35.052295, -85.310664)",5,2022,12,6,18,1
22-133748,2022-12-12 05:57:00,6.0,555 Signal Mountain Rd,,Chattanooga,Hamilton,Signal Mountain Rd,,5,0,0,0,1,0,35.0,1,0,1,0,0.0,0.0,35.094817,-85.329364,POINT (-85.329364 35.094817),"(35.094817, -85.329364)",0,2022,12,12,5,0
22-135638,2022-12-16 22:18:00,22.5,E 3rd St,,Chattanooga,Hamilton,Palmetto,,5,0,1,0,1,0,35.0,1,0,1,0,,,35.0815569,-85.262451,POINT (-85.262451 35.0815569),"(35.0815569, -85.262451)",0,2022,12,16,22,4
22-138277,2022-12-24 12:14:00,12.0,5928 Hixson Pike,,Chattanooga,Hamilton,Cassandra Smith Road,,4,0,0,0,1,0,,1,0,1,0,0.0,0.0,35.147481,-85.20734,POINT (-85.20734 35.147481),"(35.147481, -85.207340)",4,2022,12,24,12,5
23-000992,2023-01-03 19:00:00,19.0,2000 E 23rd St,,Chattanooga,Hamilton,S Kelly St,,4,0,0,0,1,0,45.0,1,4,1,0,0.0,1.0,35.018022,-85.280782,POINT (-85.280782 35.018022),"(35.018022, -85.280782)",0,2023,1,3,19,1
23-001407,2023-01-04 20:35:00,20.5,Birmingham Highway,US-11,Chattanooga,Hamilton,Cummings Road,,4,0,0,0,1,0,45.0,1,0,1,0,0.0,0.0,35.008334,-85.390573,POINT (-85.390573 35.008334),"(35.008334, -85.390573)",1,2023,1,4,20,2
23-002976,2023-01-09 12:49:00,13.0,670-699 Georgia Ave,,Chattanooga,Hamilton,Oak St,,5,0,0,0,1,0,30.0,1,0,1,0,0.0,0.0,35.00457,-85.227469,POINT (-85.227469 35.00457),"(35.004570, -85.227469)",4,2023,1,9,12,0
23-005880,2023-01-17 15:16:00,15.5,2607 Glass St,,Chattanooga,Hamilton,N Chamberlain Ave,,4,0,0,0,1,0,35.0,1,0,1,0,0.0,0.0,35.066172,-85.247498,POINT (-85.247498 35.066172),"(35.066172, -85.247498)",4,2023,1,17,15,1
23-006460,2023-01-19 06:51:00,7.0,600 E 10th St,,Chattanooga,Hamilton,Peeples St,,1,0,1,0,1,0,25.0,1,4,1,0,0.0,0.0,35.041635,-85.300752,POINT (-85.300752 35.041635),"(35.041635, -85.300752)",1,2023,1,19,6,3
23-008956,2023-01-26 05:58:00,6.0,South Holtzclaw Ave,,Chattanooga,Hamilton,East Main,,4,0,0,0,1,0,40.0,1,4,1,0,0.0,0.0,35.029289,-85.288517,POINT (-85.288517 35.029289),"(35.029289, -85.288517)",5,2023,1,26,5,3
23-011510,2023-02-02 07:21:00,7.5,E 3rd St,,Chattanooga,Hamilton,Glenwood Dr,,1,0,0,0,1,0,40.0,1,4,1,0,0.0,0.0,35.036828,-85.261088,POINT (-85.261088 35.036828),"(35.036828, -85.261088)",5,2023,2,2,7,3
23-011797,2023-02-03 01:22:00,1.5,1900 Market St,,Chattanooga,Hamilton,E 20th St,,5,0,0,0,1,0,30.0,1,0,1,0,0.0,1.0,35.0805729,-85.262169,POINT (-85.262169 35.0805729),"(35.0805729, -85.262169)",0,2023,2,3,1,4
23-011994,2023-02-03 15:05:00,15.0,1400 Greenwood Rd,,Chattanooga,Hamilton,Wilcox Blvd,,5,0,1,0,1,0,35.0,1,0,1,0,0.0,0.0,35.050951,-85.242943,POINT (-85.242943 35.050951),"(35.050951, -85.242943)",4,2023,2,3,15,4
23-018569,2023-02-21 13:36:00,13.5,1500 E 23rd St,,Chattanooga,Hamilton,Watauga St.,,4,0,1,0,1,0,40.0,1,0,1,0,0.0,0.0,35.0213,-85.289044,POINT (-85.289044 35.0213),"(35.021300, -85.289044)",4,2023,2,21,13,1
23-022310,2023-03-03 06:31:00,6.5,5311 Highway 153,,Chattanooga,Hamilton,Hixson Pike,,1,0,0,0,1,0,45.0,1,4,1,0,0.0,1.0,35.128246,-85.243412,POINT (-85.243412 35.128246),"(35.128246, -85.243412)",0,2023,3,3,6,4
23-022542,2023-03-03 19:25:00,19.5,3100 Brainerd Rd,,Chattanooga,Hamilton,S Seminole Dr,,1,0,1,0,1,0,35.0,1,0,1,0,0.0,0.0,35.027705,-85.255515,POINT (-85.255515 35.027705),"(35.027705, -85.255515)",0,2023,3,3,19,4
23-022549,2023-03-03 19:45:00,20.0,Riverside Dr,,Chattanooga,Hamilton,Wilcox Blvd,,4,0,0,0,1,0,50.0,1,5,1,0,0.0,1.0,35.058124,-85.279715,POINT (-85.279715 35.058124),"(35.058124, -85.279715)",0,2023,3,3,19,4
23-023625,2023-03-06 16:11:00,16.0,Market St,,Chattanooga,Hamilton,E 20th St,,5,0,1,0,1,0,40.0,1,0,1,0,0.0,0.0,35.031474,-85.308821,POINT (-85.308821 35.031474),"(35.031474, -85.308821)",4,2023,3,6,16,0
23-025726,2023-03-12 03:16:00,3.5,,US-27,Chattanooga,Hamilton,Carter St,,0,0,0,1,0,0,55.0,1,4,1,0,0.0,1.0,35.0328476,-85.318962,POINT (-85.318962 35.0328476),"(35.0328476, -85.318962)",0,2023,3,12,3,6
23-029135,2023-03-21 16:30:00,16.5,301 Cherokee Blvd,,Chattanooga,Hamilton,Manufacturers Rd,,5,0,0,0,1,0,35.0,1,0,1,0,0.0,0.0,35.064434,-85.311825,POINT (-85.311825 35.064434),"(35.064434, -85.311825)",4,2023,3,21,16,1
23-030080,2023-03-24 04:19:00,4.5,24 WB interstate,,Chattanooga,Hamilton,Cummings Hwy,,0,0,0,1,0,0,55.0,1,0,1,0,1.0,1.0,35.024104,-85.378093,POINT (-85.378093 35.024104),"(35.024104, -85.378093)",1,2023,3,24,4,4
23-030399,2023-03-24 20:12:00,20.0,1099 Graysville Rd,,Chattanooga,Hamilton,E Brainerd Rd,,1,0,0,0,1,0,45.0,1,0,1,0,0.0,0.0,35.003473,-85.149326,POINT (-85.149326 35.003473),"(35.003473, -85.149326)",0,2023,3,24,20,4
23-032522,2023-03-29 21:35:00,21.5,7420 Bonny Oaks Dr,,Chattanooga,Hamilton,Lee Hwy,,0,0,1,1,0,0,45.0,2,0,1,0,0.0,0.0,35.060924,-85.136539,POINT (-85.136539 35.060924),"(35.060924, -85.136539)",0,2023,3,29,21,2
23-036793,2023-04-09 20:53:00,21.0,402 Laverne Dr,,Chattanooga,Hamilton,Nelson Rd,,5,0,0,0,1,0,15.0,1,0,1,0,0.0,1.0,35.054227,-85.311035,POINT (-85.311035 35.054227),"(35.054227, -85.311035)",1,2023,4,9,20,6
23-048993,2023-05-10 09:00:00,9.0,1300 E 3rd St,,Chattanooga,Hamilton,N Highland Park Ave,,1,0,0,0,1,0,35.0,1,0,1,0,0.0,0.0,35.043072,-85.279331,POINT (-85.279331 35.043072),"(35.043072, -85.279331)",4,2023,5,10,9,2
23-054451,2023-05-23 12:57:00,13.0,1600 E 23rd St,,Chattanooga,Hamilton,S Holly St,,5,0,0,0,1,0,,1,0,1,0,0.0,0.0,35.020674,-85.288894,POINT (-85.288894 35.020674),"(35.020674, -85.288894)",4,2023,5,23,12,1
23-055074,2023-05-24 21:50:00,22.0,5518 Brainerd Rd,,Chattanooga,Hamilton,Spring Creek Rd,,4,0,0,0,1,0,40.0,1,0,1,0,0.0,1.0,35.009528,-85.218556,POINT (-85.218556 35.009528),"(35.009528, -85.218556)",0,2023,5,24,21,2
23-055162,2023-05-25 05:30:00,5.5,3200 Clio Ave,,Chattanooga,Hamilton,E 32nd St,,4,0,1,0,1,0,30.0,1,0,1,0,0.0,0.0,35.007748,-85.292197,POINT (-85.292197 35.007748),"(35.007748, -85.292197)",3,2023,5,25,5,3
23-058623,2023-06-02 15:55:00,16.0,865 E 3rd St,,Chattanooga,Hamilton,Collins St,,4,0,0,0,1,0,30.0,1,0,1,0,0.0,0.0,35.049753,-85.295057,POINT (-85.295057 35.049753),"(35.049753, -85.295057)",4,2023,6,2,15,4
23-059264,2023-06-04 00:16:00,0.5,,I-24,Chattanooga,Hamilton,4th Ave,181.2,0,0,1,1,0,0,55.0,1,0,1,0,0.0,1.0,35.014461,-85.273661,POINT (-85.273661 35.014461),"(35.0144610, -85.273661)",0,2023,6,4,0,6
23-060182,2023-06-06 12:09:00,12.0,5764 Highway 153,,Chattanooga,Hamilton,Parking Lot,,4,0,0,0,1,0,15.0,1,0,1,0,0.0,0.0,35.152975,-85.24562,POINT (-85.24562 35.152975),"(35.152975, -85.245620)",4,2023,6,6,12,1
23-060687,2023-06-07 14:00:00,14.0,5500 Highway 153,SR-5500,Chattanooga,Hamilton,Gadd Rd,,4,0,0,0,1,0,25.0,1,0,1,0,0.0,0.0,35.142401,-85.248276,POINT (-85.248276 35.142401),"(35.142401, -85.248276)",4,2023,6,7,14,2
23-067809,2023-06-24 21:42:00,21.5,4266 Bonny Oaks Dr,SR-58,Chattanooga,Hamilton,S. Access Rd.,,4,0,1,0,1,0,45.0,1,0,1,0,,,35.080507,-85.214627,POINT (-85.214627 35.080507),"(35.080507, -85.214627)",0,2023,6,24,21,5
23-069901,2023-06-30 06:05:00,6.0,E Main St,,Chattanooga,Hamilton,S Holtzclaw Ave,,4,0,0,0,1,0,35.0,1,0,1,0,0.0,0.0,35.028961,-85.288147,POINT (-85.288147 35.028961),"(35.028961, -85.288147)",3,2023,6,30,6,4
23-073308,2023-07-08 11:00:00,11.0,727 E 11th St,,Chattanooga,Hamilton,Peeples St,,0,0,1,1,1,0,30.0,1,0,1,0,,,35.040477,-85.299892,POINT (-85.299892 35.040477),"(35.040477, -85.299892)",4,2023,7,8,11,5
23-073524,2023-07-08 21:12:00,21.0,5900 Hwy 58,SR-58,Chattanooga,Hamilton,Congress Ln,,5,0,0,0,1,0,45.0,1,0,1,0,0.0,0.0,35.0812493,-85.263202,POINT (-85.263202 35.0812493),"(35.0812493, -85.263202)",1,2023,7,8,21,5
23-074447,2023-07-11 09:35:00,9.5,1966 Northpoint Blvd,,Chattanooga,Hamilton,1966 Northpoint Blvd,,4,0,0,0,1,0,15.0,1,0,1,0,0.0,0.0,35.13596,-85.242122,POINT (-85.242122 35.13596),"(35.135960, -85.242122)",4,2023,7,11,9,1
23-076054,2023-07-15 06:32:00,6.5,101 Glenwood Dr,,Chattanooga,Hamilton,McCallie Ave,,5,0,0,0,1,0,35.0,1,0,1,0,0.0,0.0,35.032474,-85.263942,POINT (-85.263942 35.032474),"(35.032474, -85.263942)",4,2023,7,15,6,5
23-076603,2023-07-16 13:30:00,13.5,3100 Dodds Ave,,Chattanooga,Hamilton,East 31st St,,4,0,0,0,1,0,35.0,1,0,1,0,0.0,1.0,35.005707,-85.278981,POINT (-85.278981 35.005707),"(35.005707, -85.278981)",4,2023,7,16,13,6
23-078989,2023-07-22 09:00:00,9.0,1635 Chestnut St,,Chattanooga,Hamilton,W Main Street,,4,0,0,0,1,0,,1,1,1,0,0.0,0.0,35.037013,-85.314404,POINT (-85.314404 35.037013),"(35.037013, -85.314404)",4,2023,7,22,9,5
23-082477,2023-07-30 21:20:00,21.5,5600 Brainerd Rd,,Chattanooga,Hamilton,Brainerd Rd,,0,0,0,1,1,0,40.0,1,0,1,0,0.0,0.0,35.006571,-85.213298,POINT (-85.213298 35.006571),"(35.006571, -85.213298)",0,2023,7,30,21,6
23-088507,2023-08-14 13:15:00,13.5,490 Greenway View Dr,SR-490,Chattanooga,Hamilton,Brainerd Rd,,1,0,0,0,1,0,15.0,1,0,1,0,0.0,0.0,35.008702,-85.205208,POINT (-85.205208 35.008702),"(35.008702, -85.205208)",4,2023,8,14,13,0
23-090463,2023-08-19 11:45:00,12.0,7000 Hwy 153,,Chattanooga,Hamilton,Hwy 27 offramp,,4,0,0,0,1,0,45.0,1,0,1,0,0.0,0.0,35.185302,-85.246471,POINT (-85.246471 35.185302),"(35.185302, -85.246471)",4,2023,8,19,11,5
23-093329,2023-08-26 13:00:00,13.0,727 E 11th St,SR-700,Chattanooga,Hamilton,Peeples Street,,1,0,1,0,1,0,30.0,1,0,1,0,0.0,0.0,35.040477,-85.299892,POINT (-85.299892 35.040477),"(35.040477, -85.299892)",4,2023,8,26,13,5
23-096050,2023-09-01 12:45:00,13.0,4700 Midland Pike,,Chattanooga,Hamilton,N Parkdale Ave,,1,0,1,0,1,0,45.0,1,0,1,0,0.0,0.0,35.02737,-85.224889,POINT (-85.224889 35.02737),"(35.027370, -85.224889)",4,2023,9,1,12,4
23-097228,2023-09-05 10:56:00,11.0,1700 Gunbarrel Rd,,Chattanooga,Hamilton,Crane Rd,,1,0,0,0,1,0,35.0,1,0,1,0,0.0,0.0,35.021618,-85.160209,POINT (-85.160209 35.021618),"(35.021618, -85.160209)",4,2023,9,5,10,1
23-098315,2023-09-08 06:25:00,6.5,1300 Central Ave,SR-1300,Chattanooga,Hamilton,E 13th St,,0,0,0,1,1,0,55.0,1,0,1,0,0.0,0.0,35.033943,-85.295302,POINT (-85.295302 35.033943),"(35.033943, -85.295302)",2,2023,9,8,6,4
23-022943,2023-03-04 20:47:00,21.0,311 Broad St,,Chattanooga,Hamilton,W 3rd St,,1,0,1,0,1,0,30.0,1,0,1,0,0.0,0.0,35.012954,-85.228277,POINT (-85.228277 35.012954),"(35.012954, -85.228277)",0,2023,3,4,20,5
